strategy,run,iteration,infected,infected_nodes
random,0,0,4,"5,8,51,96"
random,0,1,3,"3,36,52"
random,0,2,1,27
random,0,3,1,17
random,0,4,0,
random,0,5,0,
random,0,6,0,
random,0,7,0,
random,0,8,0,
random,0,9,0,
degree,0,0,4,"10,25,63,70"
degree,0,1,1,14
degree,0,2,0,
degree,0,3,0,
degree,0,4,0,
degree,0,5,0,
degree,0,6,0,
degree,0,7,0,
degree,0,8,0,
degree,0,9,0,
betweenness,0,0,4,"71,81,82,99"
betweenness,0,1,0,
betweenness,0,2,0,
betweenness,0,3,0,
betweenness,0,4,0,
betweenness,0,5,0,
betweenness,0,6,0,
betweenness,0,7,0,
betweenness,0,8,0,
betweenness,0,9,0,
greedy,0,0,4,"6,21,48,61"
greedy,0,1,2,"15,79"
greedy,0,2,0,
greedy,0,3,0,
greedy,0,4,0,
greedy,0,5,0,
greedy,0,6,0,
greedy,0,7,0,
greedy,0,8,0,
greedy,0,9,0,
genetic,0,0,4,"24,73,94,95"
genetic,0,1,0,
genetic,0,2,0,
genetic,0,3,0,
genetic,0,4,0,
genetic,0,5,0,
genetic,0,6,0,
genetic,0,7,0,
genetic,0,8,0,
genetic,0,9,0,
random,1,0,4,"58,83,85,88"
random,1,1,0,
random,1,2,0,
random,1,3,0,
random,1,4,0,
random,1,5,0,
random,1,6,0,
random,1,7,0,
random,1,8,0,
random,1,9,0,
degree,1,0,4,"8,64,90,98"
degree,1,1,0,
degree,1,2,0,
degree,1,3,0,
degree,1,4,0,
degree,1,5,0,
degree,1,6,0,
degree,1,7,0,
degree,1,8,0,
degree,1,9,0,
betweenness,1,0,4,"14,60,79,99"
betweenness,1,1,2,"66,78"
betweenness,1,2,0,
betweenness,1,3,0,
betweenness,1,4,0,
betweenness,1,5,0,
betweenness,1,6,0,
betweenness,1,7,0,
betweenness,1,8,0,
betweenness,1,9,0,
greedy,1,0,4,"15,23,69,90"
greedy,1,1,0,
greedy,1,2,0,
greedy,1,3,0,
greedy,1,4,0,
greedy,1,5,0,
greedy,1,6,0,
greedy,1,7,0,
greedy,1,8,0,
greedy,1,9,0,
genetic,1,0,4,"21,61,86,98"
genetic,1,1,1,84
genetic,1,2,0,
genetic,1,3,0,
genetic,1,4,0,
genetic,1,5,0,
genetic,1,6,0,
genetic,1,7,0,
genetic,1,8,0,
genetic,1,9,0,
random,2,0,4,"30,86,93,99"
random,2,1,0,
random,2,2,0,
random,2,3,0,
random,2,4,0,
random,2,5,0,
random,2,6,0,
random,2,7,0,
random,2,8,0,
random,2,9,0,
degree,2,0,4,"12,20,22,57"
degree,2,1,1,33
degree,2,2,0,
degree,2,3,0,
degree,2,4,0,
degree,2,5,0,
degree,2,6,0,
degree,2,7,0,
degree,2,8,0,
degree,2,9,0,
betweenness,2,0,4,"15,26,61,68"
betweenness,2,1,2,"33,42"
betweenness,2,2,0,
betweenness,2,3,0,
betweenness,2,4,0,
betweenness,2,5,0,
betweenness,2,6,0,
betweenness,2,7,0,
betweenness,2,8,0,
betweenness,2,9,0,
greedy,2,0,4,"44,73,92,93"
greedy,2,1,1,58
greedy,2,2,0,
greedy,2,3,0,
greedy,2,4,0,
greedy,2,5,0,
greedy,2,6,0,
greedy,2,7,0,
greedy,2,8,0,
greedy,2,9,0,
genetic,2,0,4,"41,64,91,95"
genetic,2,1,1,6
genetic,2,2,2,"39,42"
genetic,2,3,0,
genetic,2,4,0,
genetic,2,5,0,
genetic,2,6,0,
genetic,2,7,0,
genetic,2,8,0,
genetic,2,9,0,
random,3,0,4,"3,52,66,76"
random,3,1,0,
random,3,2,0,
random,3,3,0,
random,3,4,0,
random,3,5,0,
random,3,6,0,
random,3,7,0,
random,3,8,0,
random,3,9,0,
degree,3,0,4,"14,31,84,97"
degree,3,1,2,"49,53"
degree,3,2,0,
degree,3,3,0,
degree,3,4,0,
degree,3,5,0,
degree,3,6,0,
degree,3,7,0,
degree,3,8,0,
degree,3,9,0,
betweenness,3,0,4,"27,86,98,99"
betweenness,3,1,0,
betweenness,3,2,0,
betweenness,3,3,0,
betweenness,3,4,0,
betweenness,3,5,0,
betweenness,3,6,0,
betweenness,3,7,0,
betweenness,3,8,0,
betweenness,3,9,0,
greedy,3,0,4,"16,49,73,82"
greedy,3,1,1,43
greedy,3,2,0,
greedy,3,3,0,
greedy,3,4,0,
greedy,3,5,0,
greedy,3,6,0,
greedy,3,7,0,
greedy,3,8,0,
greedy,3,9,0,
genetic,3,0,4,"37,51,61,70"
genetic,3,1,0,
genetic,3,2,0,
genetic,3,3,0,
genetic,3,4,0,
genetic,3,5,0,
genetic,3,6,0,
genetic,3,7,0,
genetic,3,8,0,
genetic,3,9,0,
random,4,0,4,"15,28,46,81"
random,4,1,0,
random,4,2,0,
random,4,3,0,
random,4,4,0,
random,4,5,0,
random,4,6,0,
random,4,7,0,
random,4,8,0,
random,4,9,0,
degree,4,0,4,"2,64,92,98"
degree,4,1,0,
degree,4,2,0,
degree,4,3,0,
degree,4,4,0,
degree,4,5,0,
degree,4,6,0,
degree,4,7,0,
degree,4,8,0,
degree,4,9,0,
betweenness,4,0,4,"32,41,45,84"
betweenness,4,1,0,
betweenness,4,2,0,
betweenness,4,3,0,
betweenness,4,4,0,
betweenness,4,5,0,
betweenness,4,6,0,
betweenness,4,7,0,
betweenness,4,8,0,
betweenness,4,9,0,
greedy,4,0,4,"50,55,75,98"
greedy,4,1,2,"15,27"
greedy,4,2,1,83
greedy,4,3,0,
greedy,4,4,0,
greedy,4,5,0,
greedy,4,6,0,
greedy,4,7,0,
greedy,4,8,0,
greedy,4,9,0,
genetic,4,0,4,"19,27,37,44"
genetic,4,1,2,"10,15"
genetic,4,2,0,
genetic,4,3,0,
genetic,4,4,0,
genetic,4,5,0,
genetic,4,6,0,
genetic,4,7,0,
genetic,4,8,0,
genetic,4,9,0,
random,5,0,4,"16,25,28,99"
random,5,1,0,
random,5,2,0,
random,5,3,0,
random,5,4,0,
random,5,5,0,
random,5,6,0,
random,5,7,0,
random,5,8,0,
random,5,9,0,
degree,5,0,4,"10,70,83,94"
degree,5,1,2,"22,78"
degree,5,2,0,
degree,5,3,0,
degree,5,4,0,
degree,5,5,0,
degree,5,6,0,
degree,5,7,0,
degree,5,8,0,
degree,5,9,0,
betweenness,5,0,4,"57,77,85,94"
betweenness,5,1,1,80
betweenness,5,2,0,
betweenness,5,3,0,
betweenness,5,4,0,
betweenness,5,5,0,
betweenness,5,6,0,
betweenness,5,7,0,
betweenness,5,8,0,
betweenness,5,9,0,
greedy,5,0,4,"11,27,66,84"
greedy,5,1,2,"60,83"
greedy,5,2,1,39
greedy,5,3,0,
greedy,5,4,0,
greedy,5,5,0,
greedy,5,6,0,
greedy,5,7,0,
greedy,5,8,0,
greedy,5,9,0,
genetic,5,0,4,"10,26,77,86"
genetic,5,1,0,
genetic,5,2,0,
genetic,5,3,0,
genetic,5,4,0,
genetic,5,5,0,
genetic,5,6,0,
genetic,5,7,0,
genetic,5,8,0,
genetic,5,9,0,
random,6,0,4,"35,57,81,94"
random,6,1,2,"14,15"
random,6,2,0,
random,6,3,0,
random,6,4,0,
random,6,5,0,
random,6,6,0,
random,6,7,0,
random,6,8,0,
random,6,9,0,
degree,6,0,4,"11,34,81,87"
degree,6,1,0,
degree,6,2,0,
degree,6,3,0,
degree,6,4,0,
degree,6,5,0,
degree,6,6,0,
degree,6,7,0,
degree,6,8,0,
degree,6,9,0,
betweenness,6,0,4,"8,38,42,50"
betweenness,6,1,1,67
betweenness,6,2,0,
betweenness,6,3,0,
betweenness,6,4,0,
betweenness,6,5,0,
betweenness,6,6,0,
betweenness,6,7,0,
betweenness,6,8,0,
betweenness,6,9,0,
greedy,6,0,4,"28,47,49,68"
greedy,6,1,4,"2,3,10,25"
greedy,6,2,6,"19,37,39,55,73,82"
greedy,6,3,1,16
greedy,6,4,0,
greedy,6,5,0,
greedy,6,6,0,
greedy,6,7,0,
greedy,6,8,0,
greedy,6,9,0,
genetic,6,0,4,"21,59,79,88"
genetic,6,1,1,3
genetic,6,2,1,33
genetic,6,3,0,
genetic,6,4,0,
genetic,6,5,0,
genetic,6,6,0,
genetic,6,7,0,
genetic,6,8,0,
genetic,6,9,0,
random,7,0,4,"16,78,86,87"
random,7,1,0,
random,7,2,0,
random,7,3,0,
random,7,4,0,
random,7,5,0,
random,7,6,0,
random,7,7,0,
random,7,8,0,
random,7,9,0,
degree,7,0,4,"6,30,35,97"
degree,7,1,0,
degree,7,2,0,
degree,7,3,0,
degree,7,4,0,
degree,7,5,0,
degree,7,6,0,
degree,7,7,0,
degree,7,8,0,
degree,7,9,0,
betweenness,7,0,4,"7,47,69,81"
betweenness,7,1,1,48
betweenness,7,2,1,62
betweenness,7,3,0,
betweenness,7,4,0,
betweenness,7,5,0,
betweenness,7,6,0,
betweenness,7,7,0,
betweenness,7,8,0,
betweenness,7,9,0,
greedy,7,0,4,"33,48,59,69"
greedy,7,1,0,
greedy,7,2,0,
greedy,7,3,0,
greedy,7,4,0,
greedy,7,5,0,
greedy,7,6,0,
greedy,7,7,0,
greedy,7,8,0,
greedy,7,9,0,
genetic,7,0,4,"18,32,54,78"
genetic,7,1,0,
genetic,7,2,0,
genetic,7,3,0,
genetic,7,4,0,
genetic,7,5,0,
genetic,7,6,0,
genetic,7,7,0,
genetic,7,8,0,
genetic,7,9,0,
random,8,0,4,"14,18,36,60"
random,8,1,1,98
random,8,2,0,
random,8,3,0,
random,8,4,0,
random,8,5,0,
random,8,6,0,
random,8,7,0,
random,8,8,0,
random,8,9,0,
degree,8,0,4,"48,67,68,93"
degree,8,1,1,84
degree,8,2,0,
degree,8,3,0,
degree,8,4,0,
degree,8,5,0,
degree,8,6,0,
degree,8,7,0,
degree,8,8,0,
degree,8,9,0,
betweenness,8,0,4,"16,18,36,84"
betweenness,8,1,0,
betweenness,8,2,0,
betweenness,8,3,0,
betweenness,8,4,0,
betweenness,8,5,0,
betweenness,8,6,0,
betweenness,8,7,0,
betweenness,8,8,0,
betweenness,8,9,0,
greedy,8,0,4,"6,45,74,96"
greedy,8,1,3,"4,7,61"
greedy,8,2,0,
greedy,8,3,0,
greedy,8,4,0,
greedy,8,5,0,
greedy,8,6,0,
greedy,8,7,0,
greedy,8,8,0,
greedy,8,9,0,
genetic,8,0,4,"14,64,73,94"
genetic,8,1,3,"17,37,49"
genetic,8,2,0,
genetic,8,3,0,
genetic,8,4,0,
genetic,8,5,0,
genetic,8,6,0,
genetic,8,7,0,
genetic,8,8,0,
genetic,8,9,0,
random,9,0,4,"27,54,76,91"
random,9,1,0,
random,9,2,0,
random,9,3,0,
random,9,4,0,
random,9,5,0,
random,9,6,0,
random,9,7,0,
random,9,8,0,
random,9,9,0,
degree,9,0,4,"14,58,69,90"
degree,9,1,1,80
degree,9,2,0,
degree,9,3,0,
degree,9,4,0,
degree,9,5,0,
degree,9,6,0,
degree,9,7,0,
degree,9,8,0,
degree,9,9,0,
betweenness,9,0,4,"17,58,60,61"
betweenness,9,1,2,"35,52"
betweenness,9,2,0,
betweenness,9,3,0,
betweenness,9,4,0,
betweenness,9,5,0,
betweenness,9,6,0,
betweenness,9,7,0,
betweenness,9,8,0,
betweenness,9,9,0,
greedy,9,0,4,"2,18,63,69"
greedy,9,1,3,"16,25,32"
greedy,9,2,0,
greedy,9,3,0,
greedy,9,4,0,
greedy,9,5,0,
greedy,9,6,0,
greedy,9,7,0,
greedy,9,8,0,
greedy,9,9,0,
genetic,9,0,4,"21,31,46,48"
genetic,9,1,2,"66,94"
genetic,9,2,1,12
genetic,9,3,0,
genetic,9,4,0,
genetic,9,5,0,
genetic,9,6,0,
genetic,9,7,0,
genetic,9,8,0,
genetic,9,9,0,
random,10,0,4,"19,29,46,47"
random,10,1,1,5
random,10,2,0,
random,10,3,0,
random,10,4,0,
random,10,5,0,
random,10,6,0,
random,10,7,0,
random,10,8,0,
random,10,9,0,
degree,10,0,4,"15,44,79,91"
degree,10,1,0,
degree,10,2,0,
degree,10,3,0,
degree,10,4,0,
degree,10,5,0,
degree,10,6,0,
degree,10,7,0,
degree,10,8,0,
degree,10,9,0,
betweenness,10,0,4,"8,68,70,72"
betweenness,10,1,1,55
betweenness,10,2,0,
betweenness,10,3,0,
betweenness,10,4,0,
betweenness,10,5,0,
betweenness,10,6,0,
betweenness,10,7,0,
betweenness,10,8,0,
betweenness,10,9,0,
greedy,10,0,4,"40,46,66,92"
greedy,10,1,0,
greedy,10,2,0,
greedy,10,3,0,
greedy,10,4,0,
greedy,10,5,0,
greedy,10,6,0,
greedy,10,7,0,
greedy,10,8,0,
greedy,10,9,0,
genetic,10,0,4,"53,66,67,92"
genetic,10,1,0,
genetic,10,2,0,
genetic,10,3,0,
genetic,10,4,0,
genetic,10,5,0,
genetic,10,6,0,
genetic,10,7,0,
genetic,10,8,0,
genetic,10,9,0,
random,11,0,4,"34,60,68,82"
random,11,1,0,
random,11,2,0,
random,11,3,0,
random,11,4,0,
random,11,5,0,
random,11,6,0,
random,11,7,0,
random,11,8,0,
random,11,9,0,
degree,11,0,4,"45,51,61,62"
degree,11,1,0,
degree,11,2,0,
degree,11,3,0,
degree,11,4,0,
degree,11,5,0,
degree,11,6,0,
degree,11,7,0,
degree,11,8,0,
degree,11,9,0,
betweenness,11,0,4,"19,41,57,93"
betweenness,11,1,0,
betweenness,11,2,0,
betweenness,11,3,0,
betweenness,11,4,0,
betweenness,11,5,0,
betweenness,11,6,0,
betweenness,11,7,0,
betweenness,11,8,0,
betweenness,11,9,0,
greedy,11,0,4,"18,62,69,86"
greedy,11,1,3,"0,52,85"
greedy,11,2,2,"1,87"
greedy,11,3,2,"38,41"
greedy,11,4,0,
greedy,11,5,0,
greedy,11,6,0,
greedy,11,7,0,
greedy,11,8,0,
greedy,11,9,0,
genetic,11,0,4,"2,37,50,83"
genetic,11,1,1,40
genetic,11,2,0,
genetic,11,3,0,
genetic,11,4,0,
genetic,11,5,0,
genetic,11,6,0,
genetic,11,7,0,
genetic,11,8,0,
genetic,11,9,0,
random,12,0,4,"33,52,58,94"
random,12,1,0,
random,12,2,0,
random,12,3,0,
random,12,4,0,
random,12,5,0,
random,12,6,0,
random,12,7,0,
random,12,8,0,
random,12,9,0,
degree,12,0,4,"9,40,50,93"
degree,12,1,1,48
degree,12,2,0,
degree,12,3,0,
degree,12,4,0,
degree,12,5,0,
degree,12,6,0,
degree,12,7,0,
degree,12,8,0,
degree,12,9,0,
betweenness,12,0,4,"66,71,86,97"
betweenness,12,1,1,25
betweenness,12,2,1,12
betweenness,12,3,0,
betweenness,12,4,0,
betweenness,12,5,0,
betweenness,12,6,0,
betweenness,12,7,0,
betweenness,12,8,0,
betweenness,12,9,0,
greedy,12,0,4,"0,10,28,43"
greedy,12,1,1,55
greedy,12,2,0,
greedy,12,3,0,
greedy,12,4,0,
greedy,12,5,0,
greedy,12,6,0,
greedy,12,7,0,
greedy,12,8,0,
greedy,12,9,0,
genetic,12,0,4,"44,73,75,96"
genetic,12,1,0,
genetic,12,2,0,
genetic,12,3,0,
genetic,12,4,0,
genetic,12,5,0,
genetic,12,6,0,
genetic,12,7,0,
genetic,12,8,0,
genetic,12,9,0,
random,13,0,4,"45,48,61,98"
random,13,1,1,47
random,13,2,0,
random,13,3,0,
random,13,4,0,
random,13,5,0,
random,13,6,0,
random,13,7,0,
random,13,8,0,
random,13,9,0,
degree,13,0,4,"61,78,82,86"
degree,13,1,1,16
degree,13,2,1,64
degree,13,3,0,
degree,13,4,0,
degree,13,5,0,
degree,13,6,0,
degree,13,7,0,
degree,13,8,0,
degree,13,9,0,
betweenness,13,0,4,"12,15,39,40"
betweenness,13,1,2,"25,96"
betweenness,13,2,1,42
betweenness,13,3,0,
betweenness,13,4,0,
betweenness,13,5,0,
betweenness,13,6,0,
betweenness,13,7,0,
betweenness,13,8,0,
betweenness,13,9,0,
greedy,13,0,4,"31,68,93,99"
greedy,13,1,0,
greedy,13,2,0,
greedy,13,3,0,
greedy,13,4,0,
greedy,13,5,0,
greedy,13,6,0,
greedy,13,7,0,
greedy,13,8,0,
greedy,13,9,0,
genetic,13,0,4,"23,42,66,83"
genetic,13,1,0,
genetic,13,2,0,
genetic,13,3,0,
genetic,13,4,0,
genetic,13,5,0,
genetic,13,6,0,
genetic,13,7,0,
genetic,13,8,0,
genetic,13,9,0,
random,14,0,4,"45,47,68,88"
random,14,1,0,
random,14,2,0,
random,14,3,0,
random,14,4,0,
random,14,5,0,
random,14,6,0,
random,14,7,0,
random,14,8,0,
random,14,9,0,
degree,14,0,4,"66,67,69,96"
degree,14,1,2,"22,25"
degree,14,2,0,
degree,14,3,0,
degree,14,4,0,
degree,14,5,0,
degree,14,6,0,
degree,14,7,0,
degree,14,8,0,
degree,14,9,0,
betweenness,14,0,4,"29,67,80,85"
betweenness,14,1,1,49
betweenness,14,2,0,
betweenness,14,3,0,
betweenness,14,4,0,
betweenness,14,5,0,
betweenness,14,6,0,
betweenness,14,7,0,
betweenness,14,8,0,
betweenness,14,9,0,
greedy,14,0,4,"20,29,54,64"
greedy,14,1,3,"0,10,78"
greedy,14,2,2,"30,69"
greedy,14,3,0,
greedy,14,4,0,
greedy,14,5,0,
greedy,14,6,0,
greedy,14,7,0,
greedy,14,8,0,
greedy,14,9,0,
genetic,14,0,4,"5,22,67,98"
genetic,14,1,1,6
genetic,14,2,0,
genetic,14,3,0,
genetic,14,4,0,
genetic,14,5,0,
genetic,14,6,0,
genetic,14,7,0,
genetic,14,8,0,
genetic,14,9,0,
random,15,0,4,"6,59,63,95"
random,15,1,0,
random,15,2,0,
random,15,3,0,
random,15,4,0,
random,15,5,0,
random,15,6,0,
random,15,7,0,
random,15,8,0,
random,15,9,0,
degree,15,0,4,"24,36,90,96"
degree,15,1,0,
degree,15,2,0,
degree,15,3,0,
degree,15,4,0,
degree,15,5,0,
degree,15,6,0,
degree,15,7,0,
degree,15,8,0,
degree,15,9,0,
betweenness,15,0,4,"45,78,80,90"
betweenness,15,1,2,"36,98"
betweenness,15,2,1,19
betweenness,15,3,1,22
betweenness,15,4,0,
betweenness,15,5,0,
betweenness,15,6,0,
betweenness,15,7,0,
betweenness,15,8,0,
betweenness,15,9,0,
greedy,15,0,4,"6,54,64,99"
greedy,15,1,1,9
greedy,15,2,0,
greedy,15,3,0,
greedy,15,4,0,
greedy,15,5,0,
greedy,15,6,0,
greedy,15,7,0,
greedy,15,8,0,
greedy,15,9,0,
genetic,15,0,4,"21,39,64,79"
genetic,15,1,2,"5,23"
genetic,15,2,3,"13,24,25"
genetic,15,3,0,
genetic,15,4,0,
genetic,15,5,0,
genetic,15,6,0,
genetic,15,7,0,
genetic,15,8,0,
genetic,15,9,0,
random,16,0,4,"5,28,62,83"
random,16,1,3,"13,51,69"
random,16,2,0,
random,16,3,0,
random,16,4,0,
random,16,5,0,
random,16,6,0,
random,16,7,0,
random,16,8,0,
random,16,9,0,
degree,16,0,4,"32,55,71,95"
degree,16,1,0,
degree,16,2,0,
degree,16,3,0,
degree,16,4,0,
degree,16,5,0,
degree,16,6,0,
degree,16,7,0,
degree,16,8,0,
degree,16,9,0,
betweenness,16,0,4,"16,34,46,84"
betweenness,16,1,0,
betweenness,16,2,0,
betweenness,16,3,0,
betweenness,16,4,0,
betweenness,16,5,0,
betweenness,16,6,0,
betweenness,16,7,0,
betweenness,16,8,0,
betweenness,16,9,0,
greedy,16,0,4,"2,37,80,95"
greedy,16,1,1,3
greedy,16,2,3,"5,6,14"
greedy,16,3,0,
greedy,16,4,0,
greedy,16,5,0,
greedy,16,6,0,
greedy,16,7,0,
greedy,16,8,0,
greedy,16,9,0,
genetic,16,0,4,"37,48,63,86"
genetic,16,1,0,
genetic,16,2,0,
genetic,16,3,0,
genetic,16,4,0,
genetic,16,5,0,
genetic,16,6,0,
genetic,16,7,0,
genetic,16,8,0,
genetic,16,9,0,
random,17,0,4,"27,46,81,90"
random,17,1,1,59
random,17,2,1,73
random,17,3,0,
random,17,4,0,
random,17,5,0,
random,17,6,0,
random,17,7,0,
random,17,8,0,
random,17,9,0,
degree,17,0,4,"50,61,63,87"
degree,17,1,0,
degree,17,2,0,
degree,17,3,0,
degree,17,4,0,
degree,17,5,0,
degree,17,6,0,
degree,17,7,0,
degree,17,8,0,
degree,17,9,0,
betweenness,17,0,4,"19,24,29,38"
betweenness,17,1,1,88
betweenness,17,2,0,
betweenness,17,3,0,
betweenness,17,4,0,
betweenness,17,5,0,
betweenness,17,6,0,
betweenness,17,7,0,
betweenness,17,8,0,
betweenness,17,9,0,
greedy,17,0,4,"6,19,46,62"
greedy,17,1,1,44
greedy,17,2,0,
greedy,17,3,0,
greedy,17,4,0,
greedy,17,5,0,
greedy,17,6,0,
greedy,17,7,0,
greedy,17,8,0,
greedy,17,9,0,
genetic,17,0,4,"5,53,80,81"
genetic,17,1,1,52
genetic,17,2,0,
genetic,17,3,0,
genetic,17,4,0,
genetic,17,5,0,
genetic,17,6,0,
genetic,17,7,0,
genetic,17,8,0,
genetic,17,9,0,
random,18,0,4,"9,25,27,84"
random,18,1,2,"0,10"
random,18,2,4,"2,23,30,70"
random,18,3,2,"4,41"
random,18,4,0,
random,18,5,0,
random,18,6,0,
random,18,7,0,
random,18,8,0,
random,18,9,0,
degree,18,0,4,"41,48,83,87"
degree,18,1,2,"38,65"
degree,18,2,0,
degree,18,3,0,
degree,18,4,0,
degree,18,5,0,
degree,18,6,0,
degree,18,7,0,
degree,18,8,0,
degree,18,9,0,
betweenness,18,0,4,"1,57,75,79"
betweenness,18,1,1,21
betweenness,18,2,0,
betweenness,18,3,0,
betweenness,18,4,0,
betweenness,18,5,0,
betweenness,18,6,0,
betweenness,18,7,0,
betweenness,18,8,0,
betweenness,18,9,0,
greedy,18,0,4,"19,21,28,55"
greedy,18,1,5,"5,9,60,63,80"
greedy,18,2,2,"13,73"
greedy,18,3,0,
greedy,18,4,0,
greedy,18,5,0,
greedy,18,6,0,
greedy,18,7,0,
greedy,18,8,0,
greedy,18,9,0,
genetic,18,0,4,"33,45,71,87"
genetic,18,1,2,"6,25"
genetic,18,2,0,
genetic,18,3,0,
genetic,18,4,0,
genetic,18,5,0,
genetic,18,6,0,
genetic,18,7,0,
genetic,18,8,0,
genetic,18,9,0,
random,19,0,4,"21,56,62,64"
random,19,1,1,0
random,19,2,1,1
random,19,3,0,
random,19,4,0,
random,19,5,0,
random,19,6,0,
random,19,7,0,
random,19,8,0,
random,19,9,0,
degree,19,0,4,"36,41,61,92"
degree,19,1,1,7
degree,19,2,0,
degree,19,3,0,
degree,19,4,0,
degree,19,5,0,
degree,19,6,0,
degree,19,7,0,
degree,19,8,0,
degree,19,9,0,
betweenness,19,0,4,"51,63,72,93"
betweenness,19,1,3,"9,11,54"
betweenness,19,2,2,"16,65"
betweenness,19,3,0,
betweenness,19,4,0,
betweenness,19,5,0,
betweenness,19,6,0,
betweenness,19,7,0,
betweenness,19,8,0,
betweenness,19,9,0,
greedy,19,0,4,"15,67,79,87"
greedy,19,1,3,"43,52,92"
greedy,19,2,0,
greedy,19,3,0,
greedy,19,4,0,
greedy,19,5,0,
greedy,19,6,0,
greedy,19,7,0,
greedy,19,8,0,
greedy,19,9,0,
genetic,19,0,4,"11,19,23,39"
genetic,19,1,3,"0,30,51"
genetic,19,2,0,
genetic,19,3,0,
genetic,19,4,0,
genetic,19,5,0,
genetic,19,6,0,
genetic,19,7,0,
genetic,19,8,0,
genetic,19,9,0,
random,20,0,4,"17,34,47,64"
random,20,1,2,"8,53"
random,20,2,2,"3,68"
random,20,3,1,5
random,20,4,2,"4,10"
random,20,5,2,"51,89"
random,20,6,0,
random,20,7,0,
random,20,8,0,
random,20,9,0,
degree,20,0,4,"29,31,32,33"
degree,20,1,0,
degree,20,2,0,
degree,20,3,0,
degree,20,4,0,
degree,20,5,0,
degree,20,6,0,
degree,20,7,0,
degree,20,8,0,
degree,20,9,0,
betweenness,20,0,4,"5,34,48,93"
betweenness,20,1,2,"19,64"
betweenness,20,2,0,
betweenness,20,3,0,
betweenness,20,4,0,
betweenness,20,5,0,
betweenness,20,6,0,
betweenness,20,7,0,
betweenness,20,8,0,
betweenness,20,9,0,
greedy,20,0,4,"2,17,28,48"
greedy,20,1,1,86
greedy,20,2,1,23
greedy,20,3,0,
greedy,20,4,0,
greedy,20,5,0,
greedy,20,6,0,
greedy,20,7,0,
greedy,20,8,0,
greedy,20,9,0,
genetic,20,0,4,"13,66,68,72"
genetic,20,1,1,6
genetic,20,2,1,29
genetic,20,3,0,
genetic,20,4,0,
genetic,20,5,0,
genetic,20,6,0,
genetic,20,7,0,
genetic,20,8,0,
genetic,20,9,0,
random,21,0,4,"37,48,49,51"
random,21,1,0,
random,21,2,0,
random,21,3,0,
random,21,4,0,
random,21,5,0,
random,21,6,0,
random,21,7,0,
random,21,8,0,
random,21,9,0,
degree,21,0,4,"15,34,36,72"
degree,21,1,0,
degree,21,2,0,
degree,21,3,0,
degree,21,4,0,
degree,21,5,0,
degree,21,6,0,
degree,21,7,0,
degree,21,8,0,
degree,21,9,0,
betweenness,21,0,4,"20,33,51,89"
betweenness,21,1,2,"35,74"
betweenness,21,2,1,14
betweenness,21,3,1,17
betweenness,21,4,2,"0,46"
betweenness,21,5,1,36
betweenness,21,6,1,97
betweenness,21,7,0,
betweenness,21,8,0,
betweenness,21,9,0,
greedy,21,0,4,"18,34,60,93"
greedy,21,1,2,"7,62"
greedy,21,2,0,
greedy,21,3,0,
greedy,21,4,0,
greedy,21,5,0,
greedy,21,6,0,
greedy,21,7,0,
greedy,21,8,0,
greedy,21,9,0,
genetic,21,0,4,"46,49,73,80"
genetic,21,1,0,
genetic,21,2,0,
genetic,21,3,0,
genetic,21,4,0,
genetic,21,5,0,
genetic,21,6,0,
genetic,21,7,0,
genetic,21,8,0,
genetic,21,9,0,
random,22,0,4,"26,35,37,61"
random,22,1,1,20
random,22,2,0,
random,22,3,0,
random,22,4,0,
random,22,5,0,
random,22,6,0,
random,22,7,0,
random,22,8,0,
random,22,9,0,
degree,22,0,4,"18,24,71,86"
degree,22,1,2,"44,45"
degree,22,2,0,
degree,22,3,0,
degree,22,4,0,
degree,22,5,0,
degree,22,6,0,
degree,22,7,0,
degree,22,8,0,
degree,22,9,0,
betweenness,22,0,4,"2,44,93,94"
betweenness,22,1,0,
betweenness,22,2,0,
betweenness,22,3,0,
betweenness,22,4,0,
betweenness,22,5,0,
betweenness,22,6,0,
betweenness,22,7,0,
betweenness,22,8,0,
betweenness,22,9,0,
greedy,22,0,4,"4,12,64,82"
greedy,22,1,2,"11,18"
greedy,22,2,0,
greedy,22,3,0,
greedy,22,4,0,
greedy,22,5,0,
greedy,22,6,0,
greedy,22,7,0,
greedy,22,8,0,
greedy,22,9,0,
genetic,22,0,4,"35,37,47,89"
genetic,22,1,1,94
genetic,22,2,0,
genetic,22,3,0,
genetic,22,4,0,
genetic,22,5,0,
genetic,22,6,0,
genetic,22,7,0,
genetic,22,8,0,
genetic,22,9,0,
random,23,0,4,"47,65,87,89"
random,23,1,1,8
random,23,2,2,"9,13"
random,23,3,1,15
random,23,4,0,
random,23,5,0,
random,23,6,0,
random,23,7,0,
random,23,8,0,
random,23,9,0,
degree,23,0,4,"8,23,38,46"
degree,23,1,1,25
degree,23,2,0,
degree,23,3,0,
degree,23,4,0,
degree,23,5,0,
degree,23,6,0,
degree,23,7,0,
degree,23,8,0,
degree,23,9,0,
betweenness,23,0,4,"10,58,71,76"
betweenness,23,1,1,18
betweenness,23,2,0,
betweenness,23,3,0,
betweenness,23,4,0,
betweenness,23,5,0,
betweenness,23,6,0,
betweenness,23,7,0,
betweenness,23,8,0,
betweenness,23,9,0,
greedy,23,0,4,"33,58,72,77"
greedy,23,1,0,
greedy,23,2,0,
greedy,23,3,0,
greedy,23,4,0,
greedy,23,5,0,
greedy,23,6,0,
greedy,23,7,0,
greedy,23,8,0,
greedy,23,9,0,
genetic,23,0,4,"45,51,60,67"
genetic,23,1,0,
genetic,23,2,0,
genetic,23,3,0,
genetic,23,4,0,
genetic,23,5,0,
genetic,23,6,0,
genetic,23,7,0,
genetic,23,8,0,
genetic,23,9,0,
random,24,0,4,"38,48,61,90"
random,24,1,2,"1,36"
random,24,2,0,
random,24,3,0,
random,24,4,0,
random,24,5,0,
random,24,6,0,
random,24,7,0,
random,24,8,0,
random,24,9,0,
degree,24,0,4,"23,29,55,98"
degree,24,1,1,10
degree,24,2,0,
degree,24,3,0,
degree,24,4,0,
degree,24,5,0,
degree,24,6,0,
degree,24,7,0,
degree,24,8,0,
degree,24,9,0,
betweenness,24,0,4,"14,40,53,97"
betweenness,24,1,1,22
betweenness,24,2,1,37
betweenness,24,3,0,
betweenness,24,4,0,
betweenness,24,5,0,
betweenness,24,6,0,
betweenness,24,7,0,
betweenness,24,8,0,
betweenness,24,9,0,
greedy,24,0,4,"75,80,83,98"
greedy,24,1,1,0
greedy,24,2,0,
greedy,24,3,0,
greedy,24,4,0,
greedy,24,5,0,
greedy,24,6,0,
greedy,24,7,0,
greedy,24,8,0,
greedy,24,9,0,
genetic,24,0,4,"9,47,66,69"
genetic,24,1,3,"30,35,40"
genetic,24,2,1,14
genetic,24,3,0,
genetic,24,4,0,
genetic,24,5,0,
genetic,24,6,0,
genetic,24,7,0,
genetic,24,8,0,
genetic,24,9,0,
random,25,0,4,"17,36,49,68"
random,25,1,0,
random,25,2,0,
random,25,3,0,
random,25,4,0,
random,25,5,0,
random,25,6,0,
random,25,7,0,
random,25,8,0,
random,25,9,0,
degree,25,0,4,"12,44,56,77"
degree,25,1,0,
degree,25,2,0,
degree,25,3,0,
degree,25,4,0,
degree,25,5,0,
degree,25,6,0,
degree,25,7,0,
degree,25,8,0,
degree,25,9,0,
betweenness,25,0,4,"27,31,44,55"
betweenness,25,1,1,50
betweenness,25,2,1,18
betweenness,25,3,0,
betweenness,25,4,0,
betweenness,25,5,0,
betweenness,25,6,0,
betweenness,25,7,0,
betweenness,25,8,0,
betweenness,25,9,0,
greedy,25,0,4,"20,32,68,85"
greedy,25,1,1,30
greedy,25,2,0,
greedy,25,3,0,
greedy,25,4,0,
greedy,25,5,0,
greedy,25,6,0,
greedy,25,7,0,
greedy,25,8,0,
greedy,25,9,0,
genetic,25,0,4,"45,48,90,97"
genetic,25,1,1,72
genetic,25,2,0,
genetic,25,3,0,
genetic,25,4,0,
genetic,25,5,0,
genetic,25,6,0,
genetic,25,7,0,
genetic,25,8,0,
genetic,25,9,0,
random,26,0,4,"25,45,49,60"
random,26,1,3,"2,10,47"
random,26,2,4,"20,21,36,75"
random,26,3,0,
random,26,4,0,
random,26,5,0,
random,26,6,0,
random,26,7,0,
random,26,8,0,
random,26,9,0,
degree,26,0,4,"6,12,19,43"
degree,26,1,4,"9,13,23,35"
degree,26,2,1,11
degree,26,3,0,
degree,26,4,0,
degree,26,5,0,
degree,26,6,0,
degree,26,7,0,
degree,26,8,0,
degree,26,9,0,
betweenness,26,0,4,"28,30,58,93"
betweenness,26,1,0,
betweenness,26,2,0,
betweenness,26,3,0,
betweenness,26,4,0,
betweenness,26,5,0,
betweenness,26,6,0,
betweenness,26,7,0,
betweenness,26,8,0,
betweenness,26,9,0,
greedy,26,0,4,"27,29,36,91"
greedy,26,1,1,10
greedy,26,2,0,
greedy,26,3,0,
greedy,26,4,0,
greedy,26,5,0,
greedy,26,6,0,
greedy,26,7,0,
greedy,26,8,0,
greedy,26,9,0,
genetic,26,0,4,"12,52,59,89"
genetic,26,1,2,"0,49"
genetic,26,2,1,24
genetic,26,3,1,91
genetic,26,4,0,
genetic,26,5,0,
genetic,26,6,0,
genetic,26,7,0,
genetic,26,8,0,
genetic,26,9,0,
random,27,0,4,"4,63,74,97"
random,27,1,3,"21,69,94"
random,27,2,0,
random,27,3,0,
random,27,4,0,
random,27,5,0,
random,27,6,0,
random,27,7,0,
random,27,8,0,
random,27,9,0,
degree,27,0,4,"8,12,79,85"
degree,27,1,1,7
degree,27,2,2,"31,63"
degree,27,3,0,
degree,27,4,0,
degree,27,5,0,
degree,27,6,0,
degree,27,7,0,
degree,27,8,0,
degree,27,9,0,
betweenness,27,0,4,"7,35,65,93"
betweenness,27,1,0,
betweenness,27,2,0,
betweenness,27,3,0,
betweenness,27,4,0,
betweenness,27,5,0,
betweenness,27,6,0,
betweenness,27,7,0,
betweenness,27,8,0,
betweenness,27,9,0,
greedy,27,0,4,"0,36,48,89"
greedy,27,1,1,40
greedy,27,2,0,
greedy,27,3,0,
greedy,27,4,0,
greedy,27,5,0,
greedy,27,6,0,
greedy,27,7,0,
greedy,27,8,0,
greedy,27,9,0,
genetic,27,0,4,"10,35,76,89"
genetic,27,1,1,18
genetic,27,2,0,
genetic,27,3,0,
genetic,27,4,0,
genetic,27,5,0,
genetic,27,6,0,
genetic,27,7,0,
genetic,27,8,0,
genetic,27,9,0,
random,28,0,4,"6,21,34,49"
random,28,1,3,"0,2,40"
random,28,2,5,"5,24,28,31,35"
random,28,3,2,"12,41"
random,28,4,0,
random,28,5,0,
random,28,6,0,
random,28,7,0,
random,28,8,0,
random,28,9,0,
degree,28,0,4,"5,80,83,84"
degree,28,1,1,93
degree,28,2,0,
degree,28,3,0,
degree,28,4,0,
degree,28,5,0,
degree,28,6,0,
degree,28,7,0,
degree,28,8,0,
degree,28,9,0,
betweenness,28,0,4,"5,16,58,97"
betweenness,28,1,3,"6,41,79"
betweenness,28,2,0,
betweenness,28,3,0,
betweenness,28,4,0,
betweenness,28,5,0,
betweenness,28,6,0,
betweenness,28,7,0,
betweenness,28,8,0,
betweenness,28,9,0,
greedy,28,0,4,"2,69,93,98"
greedy,28,1,1,4
greedy,28,2,4,"8,17,20,43"
greedy,28,3,0,
greedy,28,4,0,
greedy,28,5,0,
greedy,28,6,0,
greedy,28,7,0,
greedy,28,8,0,
greedy,28,9,0,
genetic,28,0,4,"24,46,60,66"
genetic,28,1,0,
genetic,28,2,0,
genetic,28,3,0,
genetic,28,4,0,
genetic,28,5,0,
genetic,28,6,0,
genetic,28,7,0,
genetic,28,8,0,
genetic,28,9,0,
random,29,0,4,"12,59,96,99"
random,29,1,2,"16,73"
random,29,2,1,20
random,29,3,0,
random,29,4,0,
random,29,5,0,
random,29,6,0,
random,29,7,0,
random,29,8,0,
random,29,9,0,
degree,29,0,4,"6,29,51,62"
degree,29,1,0,
degree,29,2,0,
degree,29,3,0,
degree,29,4,0,
degree,29,5,0,
degree,29,6,0,
degree,29,7,0,
degree,29,8,0,
degree,29,9,0,
betweenness,29,0,4,"39,54,67,92"
betweenness,29,1,2,"14,16"
betweenness,29,2,0,
betweenness,29,3,0,
betweenness,29,4,0,
betweenness,29,5,0,
betweenness,29,6,0,
betweenness,29,7,0,
betweenness,29,8,0,
betweenness,29,9,0,
greedy,29,0,4,"10,40,44,61"
greedy,29,1,1,28
greedy,29,2,2,"18,60"
greedy,29,3,1,34
greedy,29,4,0,
greedy,29,5,0,
greedy,29,6,0,
greedy,29,7,0,
greedy,29,8,0,
greedy,29,9,0,
genetic,29,0,4,"7,46,52,77"
genetic,29,1,0,
genetic,29,2,0,
genetic,29,3,0,
genetic,29,4,0,
genetic,29,5,0,
genetic,29,6,0,
genetic,29,7,0,
genetic,29,8,0,
genetic,29,9,0,
random,30,0,4,"2,48,58,62"
random,30,1,2,"22,59"
random,30,2,0,
random,30,3,0,
random,30,4,0,
random,30,5,0,
random,30,6,0,
random,30,7,0,
random,30,8,0,
random,30,9,0,
degree,30,0,4,"23,44,64,68"
degree,30,1,2,"9,34"
degree,30,2,1,62
degree,30,3,0,
degree,30,4,0,
degree,30,5,0,
degree,30,6,0,
degree,30,7,0,
degree,30,8,0,
degree,30,9,0,
betweenness,30,0,4,"9,17,75,92"
betweenness,30,1,0,
betweenness,30,2,0,
betweenness,30,3,0,
betweenness,30,4,0,
betweenness,30,5,0,
betweenness,30,6,0,
betweenness,30,7,0,
betweenness,30,8,0,
betweenness,30,9,0,
greedy,30,0,4,"9,44,51,84"
greedy,30,1,1,3
greedy,30,2,1,68
greedy,30,3,0,
greedy,30,4,0,
greedy,30,5,0,
greedy,30,6,0,
greedy,30,7,0,
greedy,30,8,0,
greedy,30,9,0,
genetic,30,0,4,"40,48,62,75"
genetic,30,1,2,"4,31"
genetic,30,2,2,"10,69"
genetic,30,3,0,
genetic,30,4,0,
genetic,30,5,0,
genetic,30,6,0,
genetic,30,7,0,
genetic,30,8,0,
genetic,30,9,0,
random,31,0,4,"18,19,61,94"
random,31,1,2,"26,60"
random,31,2,1,30
random,31,3,0,
random,31,4,0,
random,31,5,0,
random,31,6,0,
random,31,7,0,
random,31,8,0,
random,31,9,0,
degree,31,0,4,"9,17,44,93"
degree,31,1,0,
degree,31,2,0,
degree,31,3,0,
degree,31,4,0,
degree,31,5,0,
degree,31,6,0,
degree,31,7,0,
degree,31,8,0,
degree,31,9,0,
betweenness,31,0,4,"49,69,82,94"
betweenness,31,1,1,33
betweenness,31,2,1,42
betweenness,31,3,0,
betweenness,31,4,0,
betweenness,31,5,0,
betweenness,31,6,0,
betweenness,31,7,0,
betweenness,31,8,0,
betweenness,31,9,0,
greedy,31,0,4,"15,16,76,94"
greedy,31,1,1,2
greedy,31,2,1,0
greedy,31,3,1,30
greedy,31,4,0,
greedy,31,5,0,
greedy,31,6,0,
greedy,31,7,0,
greedy,31,8,0,
greedy,31,9,0,
genetic,31,0,4,"10,12,24,57"
genetic,31,1,0,
genetic,31,2,0,
genetic,31,3,0,
genetic,31,4,0,
genetic,31,5,0,
genetic,31,6,0,
genetic,31,7,0,
genetic,31,8,0,
genetic,31,9,0,
random,32,0,4,"3,38,40,53"
random,32,1,3,"0,6,21"
random,32,2,3,"2,7,36"
random,32,3,2,"17,84"
random,32,4,0,
random,32,5,0,
random,32,6,0,
random,32,7,0,
random,32,8,0,
random,32,9,0,
degree,32,0,4,"20,29,37,59"
degree,32,1,0,
degree,32,2,0,
degree,32,3,0,
degree,32,4,0,
degree,32,5,0,
degree,32,6,0,
degree,32,7,0,
degree,32,8,0,
degree,32,9,0,
betweenness,32,0,4,"1,15,49,88"
betweenness,32,1,0,
betweenness,32,2,0,
betweenness,32,3,0,
betweenness,32,4,0,
betweenness,32,5,0,
betweenness,32,6,0,
betweenness,32,7,0,
betweenness,32,8,0,
betweenness,32,9,0,
greedy,32,0,4,"8,52,72,82"
greedy,32,1,1,70
greedy,32,2,0,
greedy,32,3,0,
greedy,32,4,0,
greedy,32,5,0,
greedy,32,6,0,
greedy,32,7,0,
greedy,32,8,0,
greedy,32,9,0,
genetic,32,0,4,"12,26,50,64"
genetic,32,1,1,14
genetic,32,2,0,
genetic,32,3,0,
genetic,32,4,0,
genetic,32,5,0,
genetic,32,6,0,
genetic,32,7,0,
genetic,32,8,0,
genetic,32,9,0,
random,33,0,4,"20,23,91,94"
random,33,1,3,"1,50,66"
random,33,2,2,"9,81"
random,33,3,1,53
random,33,4,1,17
random,33,5,0,
random,33,6,0,
random,33,7,0,
random,33,8,0,
random,33,9,0,
degree,33,0,4,"6,27,61,76"
degree,33,1,0,
degree,33,2,0,
degree,33,3,0,
degree,33,4,0,
degree,33,5,0,
degree,33,6,0,
degree,33,7,0,
degree,33,8,0,
degree,33,9,0,
betweenness,33,0,4,"10,35,70,82"
betweenness,33,1,2,"25,81"
betweenness,33,2,0,
betweenness,33,3,0,
betweenness,33,4,0,
betweenness,33,5,0,
betweenness,33,6,0,
betweenness,33,7,0,
betweenness,33,8,0,
betweenness,33,9,0,
greedy,33,0,4,"10,14,26,28"
greedy,33,1,0,
greedy,33,2,0,
greedy,33,3,0,
greedy,33,4,0,
greedy,33,5,0,
greedy,33,6,0,
greedy,33,7,0,
greedy,33,8,0,
greedy,33,9,0,
genetic,33,0,4,"12,15,28,88"
genetic,33,1,0,
genetic,33,2,0,
genetic,33,3,0,
genetic,33,4,0,
genetic,33,5,0,
genetic,33,6,0,
genetic,33,7,0,
genetic,33,8,0,
genetic,33,9,0,
random,34,0,4,"33,34,77,99"
random,34,1,0,
random,34,2,0,
random,34,3,0,
random,34,4,0,
random,34,5,0,
random,34,6,0,
random,34,7,0,
random,34,8,0,
random,34,9,0,
degree,34,0,4,"41,45,53,79"
degree,34,1,1,16
degree,34,2,0,
degree,34,3,0,
degree,34,4,0,
degree,34,5,0,
degree,34,6,0,
degree,34,7,0,
degree,34,8,0,
degree,34,9,0,
betweenness,34,0,4,"12,80,83,93"
betweenness,34,1,0,
betweenness,34,2,0,
betweenness,34,3,0,
betweenness,34,4,0,
betweenness,34,5,0,
betweenness,34,6,0,
betweenness,34,7,0,
betweenness,34,8,0,
betweenness,34,9,0,
greedy,34,0,4,"8,70,75,83"
greedy,34,1,4,"24,46,48,74"
greedy,34,2,2,"44,59"
greedy,34,3,1,5
greedy,34,4,0,
greedy,34,5,0,
greedy,34,6,0,
greedy,34,7,0,
greedy,34,8,0,
greedy,34,9,0,
genetic,34,0,4,"2,10,29,47"
genetic,34,1,1,6
genetic,34,2,0,
genetic,34,3,0,
genetic,34,4,0,
genetic,34,5,0,
genetic,34,6,0,
genetic,34,7,0,
genetic,34,8,0,
genetic,34,9,0,
random,35,0,4,"25,30,65,74"
random,35,1,1,4
random,35,2,3,"6,72,92"
random,35,3,2,"35,87"
random,35,4,0,
random,35,5,0,
random,35,6,0,
random,35,7,0,
random,35,8,0,
random,35,9,0,
degree,35,0,4,"11,18,65,92"
degree,35,1,0,
degree,35,2,0,
degree,35,3,0,
degree,35,4,0,
degree,35,5,0,
degree,35,6,0,
degree,35,7,0,
degree,35,8,0,
degree,35,9,0,
betweenness,35,0,4,"19,26,39,64"
betweenness,35,1,0,
betweenness,35,2,0,
betweenness,35,3,0,
betweenness,35,4,0,
betweenness,35,5,0,
betweenness,35,6,0,
betweenness,35,7,0,
betweenness,35,8,0,
betweenness,35,9,0,
greedy,35,0,4,"56,60,61,74"
greedy,35,1,1,5
greedy,35,2,0,
greedy,35,3,0,
greedy,35,4,0,
greedy,35,5,0,
greedy,35,6,0,
greedy,35,7,0,
greedy,35,8,0,
greedy,35,9,0,
genetic,35,0,4,"19,77,78,99"
genetic,35,1,2,"23,63"
genetic,35,2,1,15
genetic,35,3,0,
genetic,35,4,0,
genetic,35,5,0,
genetic,35,6,0,
genetic,35,7,0,
genetic,35,8,0,
genetic,35,9,0,
random,36,0,4,"7,37,58,78"
random,36,1,2,"18,45"
random,36,2,0,
random,36,3,0,
random,36,4,0,
random,36,5,0,
random,36,6,0,
random,36,7,0,
random,36,8,0,
random,36,9,0,
degree,36,0,4,"24,45,67,75"
degree,36,1,1,10
degree,36,2,0,
degree,36,3,0,
degree,36,4,0,
degree,36,5,0,
degree,36,6,0,
degree,36,7,0,
degree,36,8,0,
degree,36,9,0,
betweenness,36,0,4,"22,41,73,97"
betweenness,36,1,0,
betweenness,36,2,0,
betweenness,36,3,0,
betweenness,36,4,0,
betweenness,36,5,0,
betweenness,36,6,0,
betweenness,36,7,0,
betweenness,36,8,0,
betweenness,36,9,0,
greedy,36,0,4,"1,51,53,94"
greedy,36,1,5,"7,13,20,37,86"
greedy,36,2,2,"18,91"
greedy,36,3,0,
greedy,36,4,0,
greedy,36,5,0,
greedy,36,6,0,
greedy,36,7,0,
greedy,36,8,0,
greedy,36,9,0,
genetic,36,0,4,"5,26,32,84"
genetic,36,1,0,
genetic,36,2,0,
genetic,36,3,0,
genetic,36,4,0,
genetic,36,5,0,
genetic,36,6,0,
genetic,36,7,0,
genetic,36,8,0,
genetic,36,9,0,
random,37,0,4,"25,29,33,53"
random,37,1,3,"8,12,18"
random,37,2,1,11
random,37,3,0,
random,37,4,0,
random,37,5,0,
random,37,6,0,
random,37,7,0,
random,37,8,0,
random,37,9,0,
degree,37,0,4,"4,14,23,33"
degree,37,1,3,"8,18,78"
degree,37,2,2,"70,82"
degree,37,3,0,
degree,37,4,0,
degree,37,5,0,
degree,37,6,0,
degree,37,7,0,
degree,37,8,0,
degree,37,9,0,
betweenness,37,0,4,"12,23,75,84"
betweenness,37,1,3,"19,40,62"
betweenness,37,2,1,71
betweenness,37,3,0,
betweenness,37,4,0,
betweenness,37,5,0,
betweenness,37,6,0,
betweenness,37,7,0,
betweenness,37,8,0,
betweenness,37,9,0,
greedy,37,0,4,"21,30,33,47"
greedy,37,1,0,
greedy,37,2,0,
greedy,37,3,0,
greedy,37,4,0,
greedy,37,5,0,
greedy,37,6,0,
greedy,37,7,0,
greedy,37,8,0,
greedy,37,9,0,
genetic,37,0,4,"10,27,90,93"
genetic,37,1,1,14
genetic,37,2,0,
genetic,37,3,0,
genetic,37,4,0,
genetic,37,5,0,
genetic,37,6,0,
genetic,37,7,0,
genetic,37,8,0,
genetic,37,9,0,
random,38,0,4,"24,76,78,89"
random,38,1,1,49
random,38,2,0,
random,38,3,0,
random,38,4,0,
random,38,5,0,
random,38,6,0,
random,38,7,0,
random,38,8,0,
random,38,9,0,
degree,38,0,4,"6,7,26,91"
degree,38,1,0,
degree,38,2,0,
degree,38,3,0,
degree,38,4,0,
degree,38,5,0,
degree,38,6,0,
degree,38,7,0,
degree,38,8,0,
degree,38,9,0,
betweenness,38,0,4,"25,29,77,96"
betweenness,38,1,1,51
betweenness,38,2,0,
betweenness,38,3,0,
betweenness,38,4,0,
betweenness,38,5,0,
betweenness,38,6,0,
betweenness,38,7,0,
betweenness,38,8,0,
betweenness,38,9,0,
greedy,38,0,4,"2,25,50,68"
greedy,38,1,0,
greedy,38,2,0,
greedy,38,3,0,
greedy,38,4,0,
greedy,38,5,0,
greedy,38,6,0,
greedy,38,7,0,
greedy,38,8,0,
greedy,38,9,0,
genetic,38,0,4,"4,71,74,95"
genetic,38,1,1,83
genetic,38,2,0,
genetic,38,3,0,
genetic,38,4,0,
genetic,38,5,0,
genetic,38,6,0,
genetic,38,7,0,
genetic,38,8,0,
genetic,38,9,0,
random,39,0,4,"8,18,24,51"
random,39,1,5,"4,9,41,49,83"
random,39,2,5,"3,11,13,45,82"
random,39,3,0,
random,39,4,0,
random,39,5,0,
random,39,6,0,
random,39,7,0,
random,39,8,0,
random,39,9,0,
degree,39,0,4,"25,60,76,83"
degree,39,1,0,
degree,39,2,0,
degree,39,3,0,
degree,39,4,0,
degree,39,5,0,
degree,39,6,0,
degree,39,7,0,
degree,39,8,0,
degree,39,9,0,
betweenness,39,0,4,"4,25,69,82"
betweenness,39,1,2,"13,19"
betweenness,39,2,0,
betweenness,39,3,0,
betweenness,39,4,0,
betweenness,39,5,0,
betweenness,39,6,0,
betweenness,39,7,0,
betweenness,39,8,0,
betweenness,39,9,0,
greedy,39,0,4,"27,60,68,99"
greedy,39,1,0,
greedy,39,2,0,
greedy,39,3,0,
greedy,39,4,0,
greedy,39,5,0,
greedy,39,6,0,
greedy,39,7,0,
greedy,39,8,0,
greedy,39,9,0,
genetic,39,0,4,"39,47,54,87"
genetic,39,1,2,"23,90"
genetic,39,2,0,
genetic,39,3,0,
genetic,39,4,0,
genetic,39,5,0,
genetic,39,6,0,
genetic,39,7,0,
genetic,39,8,0,
genetic,39,9,0,
random,40,0,4,"17,48,74,78"
random,40,1,2,"36,63"
random,40,2,0,
random,40,3,0,
random,40,4,0,
random,40,5,0,
random,40,6,0,
random,40,7,0,
random,40,8,0,
random,40,9,0,
degree,40,0,4,"25,48,78,88"
degree,40,1,1,96
degree,40,2,0,
degree,40,3,0,
degree,40,4,0,
degree,40,5,0,
degree,40,6,0,
degree,40,7,0,
degree,40,8,0,
degree,40,9,0,
betweenness,40,0,4,"9,35,64,81"
betweenness,40,1,1,36
betweenness,40,2,0,
betweenness,40,3,0,
betweenness,40,4,0,
betweenness,40,5,0,
betweenness,40,6,0,
betweenness,40,7,0,
betweenness,40,8,0,
betweenness,40,9,0,
greedy,40,0,4,"20,46,57,63"
greedy,40,1,2,"49,55"
greedy,40,2,0,
greedy,40,3,0,
greedy,40,4,0,
greedy,40,5,0,
greedy,40,6,0,
greedy,40,7,0,
greedy,40,8,0,
greedy,40,9,0,
genetic,40,0,4,"61,67,83,96"
genetic,40,1,0,
genetic,40,2,0,
genetic,40,3,0,
genetic,40,4,0,
genetic,40,5,0,
genetic,40,6,0,
genetic,40,7,0,
genetic,40,8,0,
genetic,40,9,0,
random,41,0,4,"10,13,62,77"
random,41,1,0,
random,41,2,0,
random,41,3,0,
random,41,4,0,
random,41,5,0,
random,41,6,0,
random,41,7,0,
random,41,8,0,
random,41,9,0,
degree,41,0,4,"9,19,20,52"
degree,41,1,1,43
degree,41,2,0,
degree,41,3,0,
degree,41,4,0,
degree,41,5,0,
degree,41,6,0,
degree,41,7,0,
degree,41,8,0,
degree,41,9,0,
betweenness,41,0,4,"5,13,31,75"
betweenness,41,1,2,"10,52"
betweenness,41,2,1,53
betweenness,41,3,1,72
betweenness,41,4,1,34
betweenness,41,5,0,
betweenness,41,6,0,
betweenness,41,7,0,
betweenness,41,8,0,
betweenness,41,9,0,
greedy,41,0,4,"25,50,80,85"
greedy,41,1,3,"40,49,83"
greedy,41,2,0,
greedy,41,3,0,
greedy,41,4,0,
greedy,41,5,0,
greedy,41,6,0,
greedy,41,7,0,
greedy,41,8,0,
greedy,41,9,0,
genetic,41,0,4,"30,74,83,99"
genetic,41,1,5,"17,24,46,81,85"
genetic,41,2,1,34
genetic,41,3,0,
genetic,41,4,0,
genetic,41,5,0,
genetic,41,6,0,
genetic,41,7,0,
genetic,41,8,0,
genetic,41,9,0,
random,42,0,4,"26,45,63,97"
random,42,1,1,23
random,42,2,0,
random,42,3,0,
random,42,4,0,
random,42,5,0,
random,42,6,0,
random,42,7,0,
random,42,8,0,
random,42,9,0,
degree,42,0,4,"19,31,58,71"
degree,42,1,2,"23,38"
degree,42,2,1,97
degree,42,3,0,
degree,42,4,0,
degree,42,5,0,
degree,42,6,0,
degree,42,7,0,
degree,42,8,0,
degree,42,9,0,
betweenness,42,0,4,"8,13,56,78"
betweenness,42,1,3,"23,36,62"
betweenness,42,2,1,95
betweenness,42,3,0,
betweenness,42,4,0,
betweenness,42,5,0,
betweenness,42,6,0,
betweenness,42,7,0,
betweenness,42,8,0,
betweenness,42,9,0,
greedy,42,0,4,"8,47,71,95"
greedy,42,1,3,"0,23,32"
greedy,42,2,1,9
greedy,42,3,0,
greedy,42,4,0,
greedy,42,5,0,
greedy,42,6,0,
greedy,42,7,0,
greedy,42,8,0,
greedy,42,9,0,
genetic,42,0,4,"45,60,73,92"
genetic,42,1,1,79
genetic,42,2,0,
genetic,42,3,0,
genetic,42,4,0,
genetic,42,5,0,
genetic,42,6,0,
genetic,42,7,0,
genetic,42,8,0,
genetic,42,9,0,
random,43,0,4,"4,59,65,74"
random,43,1,2,"5,91"
random,43,2,1,1
random,43,3,1,11
random,43,4,0,
random,43,5,0,
random,43,6,0,
random,43,7,0,
random,43,8,0,
random,43,9,0,
degree,43,0,4,"30,39,61,78"
degree,43,1,0,
degree,43,2,0,
degree,43,3,0,
degree,43,4,0,
degree,43,5,0,
degree,43,6,0,
degree,43,7,0,
degree,43,8,0,
degree,43,9,0,
betweenness,43,0,4,"20,64,85,97"
betweenness,43,1,0,
betweenness,43,2,0,
betweenness,43,3,0,
betweenness,43,4,0,
betweenness,43,5,0,
betweenness,43,6,0,
betweenness,43,7,0,
betweenness,43,8,0,
betweenness,43,9,0,
greedy,43,0,4,"16,25,73,96"
greedy,43,1,2,"18,38"
greedy,43,2,0,
greedy,43,3,0,
greedy,43,4,0,
greedy,43,5,0,
greedy,43,6,0,
greedy,43,7,0,
greedy,43,8,0,
greedy,43,9,0,
genetic,43,0,4,"8,18,68,96"
genetic,43,1,0,
genetic,43,2,0,
genetic,43,3,0,
genetic,43,4,0,
genetic,43,5,0,
genetic,43,6,0,
genetic,43,7,0,
genetic,43,8,0,
genetic,43,9,0,
random,44,0,4,"32,60,68,83"
random,44,1,1,2
random,44,2,3,"10,31,77"
random,44,3,1,8
random,44,4,1,6
random,44,5,0,
random,44,6,0,
random,44,7,0,
random,44,8,0,
random,44,9,0,
degree,44,0,4,"13,20,31,87"
degree,44,1,0,
degree,44,2,0,
degree,44,3,0,
degree,44,4,0,
degree,44,5,0,
degree,44,6,0,
degree,44,7,0,
degree,44,8,0,
degree,44,9,0,
betweenness,44,0,4,"13,15,24,97"
betweenness,44,1,2,"18,45"
betweenness,44,2,0,
betweenness,44,3,0,
betweenness,44,4,0,
betweenness,44,5,0,
betweenness,44,6,0,
betweenness,44,7,0,
betweenness,44,8,0,
betweenness,44,9,0,
greedy,44,0,4,"45,71,89,98"
greedy,44,1,1,95
greedy,44,2,0,
greedy,44,3,0,
greedy,44,4,0,
greedy,44,5,0,
greedy,44,6,0,
greedy,44,7,0,
greedy,44,8,0,
greedy,44,9,0,
genetic,44,0,4,"50,52,76,93"
genetic,44,1,1,70
genetic,44,2,0,
genetic,44,3,0,
genetic,44,4,0,
genetic,44,5,0,
genetic,44,6,0,
genetic,44,7,0,
genetic,44,8,0,
genetic,44,9,0,
random,45,0,4,"33,72,73,96"
random,45,1,3,"0,58,61"
random,45,2,4,"4,8,16,64"
random,45,3,3,"6,39,41"
random,45,4,1,14
random,45,5,0,
random,45,6,0,
random,45,7,0,
random,45,8,0,
random,45,9,0,
degree,45,0,4,"21,34,44,59"
degree,45,1,0,
degree,45,2,0,
degree,45,3,0,
degree,45,4,0,
degree,45,5,0,
degree,45,6,0,
degree,45,7,0,
degree,45,8,0,
degree,45,9,0,
betweenness,45,0,4,"26,32,36,72"
betweenness,45,1,0,
betweenness,45,2,0,
betweenness,45,3,0,
betweenness,45,4,0,
betweenness,45,5,0,
betweenness,45,6,0,
betweenness,45,7,0,
betweenness,45,8,0,
betweenness,45,9,0,
greedy,45,0,4,"4,29,71,73"
greedy,45,1,2,"39,56"
greedy,45,2,1,78
greedy,45,3,0,
greedy,45,4,0,
greedy,45,5,0,
greedy,45,6,0,
greedy,45,7,0,
greedy,45,8,0,
greedy,45,9,0,
genetic,45,0,4,"18,63,87,89"
genetic,45,1,0,
genetic,45,2,0,
genetic,45,3,0,
genetic,45,4,0,
genetic,45,5,0,
genetic,45,6,0,
genetic,45,7,0,
genetic,45,8,0,
genetic,45,9,0,
random,46,0,4,"0,64,65,85"
random,46,1,1,18
random,46,2,0,
random,46,3,0,
random,46,4,0,
random,46,5,0,
random,46,6,0,
random,46,7,0,
random,46,8,0,
random,46,9,0,
degree,46,0,4,"2,24,56,73"
degree,46,1,0,
degree,46,2,0,
degree,46,3,0,
degree,46,4,0,
degree,46,5,0,
degree,46,6,0,
degree,46,7,0,
degree,46,8,0,
degree,46,9,0,
betweenness,46,0,4,"16,28,64,74"
betweenness,46,1,2,"39,84"
betweenness,46,2,1,29
betweenness,46,3,1,0
betweenness,46,4,1,52
betweenness,46,5,0,
betweenness,46,6,0,
betweenness,46,7,0,
betweenness,46,8,0,
betweenness,46,9,0,
greedy,46,0,4,"23,50,76,90"
greedy,46,1,1,72
greedy,46,2,0,
greedy,46,3,0,
greedy,46,4,0,
greedy,46,5,0,
greedy,46,6,0,
greedy,46,7,0,
greedy,46,8,0,
greedy,46,9,0,
genetic,46,0,4,"30,44,57,64"
genetic,46,1,2,"5,72"
genetic,46,2,2,"21,81"
genetic,46,3,1,93
genetic,46,4,0,
genetic,46,5,0,
genetic,46,6,0,
genetic,46,7,0,
genetic,46,8,0,
genetic,46,9,0,
random,47,0,4,"21,43,74,93"
random,47,1,1,7
random,47,2,0,
random,47,3,0,
random,47,4,0,
random,47,5,0,
random,47,6,0,
random,47,7,0,
random,47,8,0,
random,47,9,0,
degree,47,0,4,"23,46,48,80"
degree,47,1,3,"27,32,72"
degree,47,2,0,
degree,47,3,0,
degree,47,4,0,
degree,47,5,0,
degree,47,6,0,
degree,47,7,0,
degree,47,8,0,
degree,47,9,0,
betweenness,47,0,4,"11,18,37,99"
betweenness,47,1,2,"17,50"
betweenness,47,2,0,
betweenness,47,3,0,
betweenness,47,4,0,
betweenness,47,5,0,
betweenness,47,6,0,
betweenness,47,7,0,
betweenness,47,8,0,
betweenness,47,9,0,
greedy,47,0,4,"5,22,27,68"
greedy,47,1,3,"6,9,89"
greedy,47,2,3,"0,7,46"
greedy,47,3,1,55
greedy,47,4,0,
greedy,47,5,0,
greedy,47,6,0,
greedy,47,7,0,
greedy,47,8,0,
greedy,47,9,0,
genetic,47,0,4,"12,43,70,82"
genetic,47,1,2,"21,62"
genetic,47,2,1,40
genetic,47,3,1,0
genetic,47,4,3,"1,2,15"
genetic,47,5,1,33
genetic,47,6,0,
genetic,47,7,0,
genetic,47,8,0,
genetic,47,9,0,
random,48,0,4,"4,11,22,37"
random,48,1,0,
random,48,2,0,
random,48,3,0,
random,48,4,0,
random,48,5,0,
random,48,6,0,
random,48,7,0,
random,48,8,0,
random,48,9,0,
degree,48,0,4,"36,37,55,66"
degree,48,1,3,"0,26,58"
degree,48,2,1,5
degree,48,3,1,47
degree,48,4,0,
degree,48,5,0,
degree,48,6,0,
degree,48,7,0,
degree,48,8,0,
degree,48,9,0,
betweenness,48,0,4,"56,66,95,99"
betweenness,48,1,2,"44,47"
betweenness,48,2,0,
betweenness,48,3,0,
betweenness,48,4,0,
betweenness,48,5,0,
betweenness,48,6,0,
betweenness,48,7,0,
betweenness,48,8,0,
betweenness,48,9,0,
greedy,48,0,4,"3,53,67,73"
greedy,48,1,1,14
greedy,48,2,1,41
greedy,48,3,0,
greedy,48,4,0,
greedy,48,5,0,
greedy,48,6,0,
greedy,48,7,0,
greedy,48,8,0,
greedy,48,9,0,
genetic,48,0,4,"34,43,53,58"
genetic,48,1,1,28
genetic,48,2,0,
genetic,48,3,0,
genetic,48,4,0,
genetic,48,5,0,
genetic,48,6,0,
genetic,48,7,0,
genetic,48,8,0,
genetic,48,9,0,
random,49,0,4,"11,55,69,74"
random,49,1,0,
random,49,2,0,
random,49,3,0,
random,49,4,0,
random,49,5,0,
random,49,6,0,
random,49,7,0,
random,49,8,0,
random,49,9,0,
degree,49,0,4,"13,22,77,82"
degree,49,1,2,"68,75"
degree,49,2,0,
degree,49,3,0,
degree,49,4,0,
degree,49,5,0,
degree,49,6,0,
degree,49,7,0,
degree,49,8,0,
degree,49,9,0,
betweenness,49,0,4,"15,22,67,80"
betweenness,49,1,1,68
betweenness,49,2,0,
betweenness,49,3,0,
betweenness,49,4,0,
betweenness,49,5,0,
betweenness,49,6,0,
betweenness,49,7,0,
betweenness,49,8,0,
betweenness,49,9,0,
greedy,49,0,4,"5,29,46,77"
greedy,49,1,0,
greedy,49,2,0,
greedy,49,3,0,
greedy,49,4,0,
greedy,49,5,0,
greedy,49,6,0,
greedy,49,7,0,
greedy,49,8,0,
greedy,49,9,0,
genetic,49,0,4,"24,28,56,95"
genetic,49,1,1,51
genetic,49,2,1,34
genetic,49,3,0,
genetic,49,4,0,
genetic,49,5,0,
genetic,49,6,0,
genetic,49,7,0,
genetic,49,8,0,
genetic,49,9,0,
random,50,0,4,"22,54,71,78"
random,50,1,0,
random,50,2,0,
random,50,3,0,
random,50,4,0,
random,50,5,0,
random,50,6,0,
random,50,7,0,
random,50,8,0,
random,50,9,0,
degree,50,0,4,"13,62,85,88"
degree,50,1,1,81
degree,50,2,0,
degree,50,3,0,
degree,50,4,0,
degree,50,5,0,
degree,50,6,0,
degree,50,7,0,
degree,50,8,0,
degree,50,9,0,
betweenness,50,0,4,"12,31,68,74"
betweenness,50,1,0,
betweenness,50,2,0,
betweenness,50,3,0,
betweenness,50,4,0,
betweenness,50,5,0,
betweenness,50,6,0,
betweenness,50,7,0,
betweenness,50,8,0,
betweenness,50,9,0,
greedy,50,0,4,"0,18,29,45"
greedy,50,1,3,"8,80,82"
greedy,50,2,1,74
greedy,50,3,0,
greedy,50,4,0,
greedy,50,5,0,
greedy,50,6,0,
greedy,50,7,0,
greedy,50,8,0,
greedy,50,9,0,
genetic,50,0,4,"10,38,71,89"
genetic,50,1,1,39
genetic,50,2,0,
genetic,50,3,0,
genetic,50,4,0,
genetic,50,5,0,
genetic,50,6,0,
genetic,50,7,0,
genetic,50,8,0,
genetic,50,9,0,
random,51,0,4,"38,61,76,88"
random,51,1,1,23
random,51,2,0,
random,51,3,0,
random,51,4,0,
random,51,5,0,
random,51,6,0,
random,51,7,0,
random,51,8,0,
random,51,9,0,
degree,51,0,4,"15,42,43,68"
degree,51,1,0,
degree,51,2,0,
degree,51,3,0,
degree,51,4,0,
degree,51,5,0,
degree,51,6,0,
degree,51,7,0,
degree,51,8,0,
degree,51,9,0,
betweenness,51,0,4,"31,62,79,98"
betweenness,51,1,2,"7,30"
betweenness,51,2,1,83
betweenness,51,3,0,
betweenness,51,4,0,
betweenness,51,5,0,
betweenness,51,6,0,
betweenness,51,7,0,
betweenness,51,8,0,
betweenness,51,9,0,
greedy,51,0,4,"16,38,52,62"
greedy,51,1,2,"44,68"
greedy,51,2,0,
greedy,51,3,0,
greedy,51,4,0,
greedy,51,5,0,
greedy,51,6,0,
greedy,51,7,0,
greedy,51,8,0,
greedy,51,9,0,
genetic,51,0,4,"21,34,57,91"
genetic,51,1,0,
genetic,51,2,0,
genetic,51,3,0,
genetic,51,4,0,
genetic,51,5,0,
genetic,51,6,0,
genetic,51,7,0,
genetic,51,8,0,
genetic,51,9,0,
random,52,0,4,"17,39,81,92"
random,52,1,2,"5,69"
random,52,2,2,"2,21"
random,52,3,8,"0,8,12,22,24,27,57,83"
random,52,4,2,"19,35"
random,52,5,0,
random,52,6,0,
random,52,7,0,
random,52,8,0,
random,52,9,0,
degree,52,0,4,"47,51,75,81"
degree,52,1,3,"60,69,74"
degree,52,2,0,
degree,52,3,0,
degree,52,4,0,
degree,52,5,0,
degree,52,6,0,
degree,52,7,0,
degree,52,8,0,
degree,52,9,0,
betweenness,52,0,4,"4,7,65,68"
betweenness,52,1,1,60
betweenness,52,2,1,76
betweenness,52,3,0,
betweenness,52,4,0,
betweenness,52,5,0,
betweenness,52,6,0,
betweenness,52,7,0,
betweenness,52,8,0,
betweenness,52,9,0,
greedy,52,0,4,"67,80,85,86"
greedy,52,1,1,58
greedy,52,2,1,12
greedy,52,3,0,
greedy,52,4,0,
greedy,52,5,0,
greedy,52,6,0,
greedy,52,7,0,
greedy,52,8,0,
greedy,52,9,0,
genetic,52,0,4,"21,57,72,83"
genetic,52,1,1,87
genetic,52,2,0,
genetic,52,3,0,
genetic,52,4,0,
genetic,52,5,0,
genetic,52,6,0,
genetic,52,7,0,
genetic,52,8,0,
genetic,52,9,0,
random,53,0,4,"3,11,35,36"
random,53,1,2,"4,80"
random,53,2,2,"7,85"
random,53,3,1,90
random,53,4,0,
random,53,5,0,
random,53,6,0,
random,53,7,0,
random,53,8,0,
random,53,9,0,
degree,53,0,4,"6,21,49,82"
degree,53,1,1,38
degree,53,2,0,
degree,53,3,0,
degree,53,4,0,
degree,53,5,0,
degree,53,6,0,
degree,53,7,0,
degree,53,8,0,
degree,53,9,0,
betweenness,53,0,4,"24,36,69,96"
betweenness,53,1,0,
betweenness,53,2,0,
betweenness,53,3,0,
betweenness,53,4,0,
betweenness,53,5,0,
betweenness,53,6,0,
betweenness,53,7,0,
betweenness,53,8,0,
betweenness,53,9,0,
greedy,53,0,4,"6,31,61,67"
greedy,53,1,0,
greedy,53,2,0,
greedy,53,3,0,
greedy,53,4,0,
greedy,53,5,0,
greedy,53,6,0,
greedy,53,7,0,
greedy,53,8,0,
greedy,53,9,0,
genetic,53,0,4,"0,11,26,39"
genetic,53,1,1,36
genetic,53,2,0,
genetic,53,3,0,
genetic,53,4,0,
genetic,53,5,0,
genetic,53,6,0,
genetic,53,7,0,
genetic,53,8,0,
genetic,53,9,0,
random,54,0,4,"4,26,52,67"
random,54,1,1,33
random,54,2,0,
random,54,3,0,
random,54,4,0,
random,54,5,0,
random,54,6,0,
random,54,7,0,
random,54,8,0,
random,54,9,0,
degree,54,0,4,"7,46,60,68"
degree,54,1,1,93
degree,54,2,0,
degree,54,3,0,
degree,54,4,0,
degree,54,5,0,
degree,54,6,0,
degree,54,7,0,
degree,54,8,0,
degree,54,9,0,
betweenness,54,0,4,"4,48,69,90"
betweenness,54,1,4,"2,3,33,35"
betweenness,54,2,0,
betweenness,54,3,0,
betweenness,54,4,0,
betweenness,54,5,0,
betweenness,54,6,0,
betweenness,54,7,0,
betweenness,54,8,0,
betweenness,54,9,0,
greedy,54,0,4,"67,72,75,80"
greedy,54,1,1,15
greedy,54,2,0,
greedy,54,3,0,
greedy,54,4,0,
greedy,54,5,0,
greedy,54,6,0,
greedy,54,7,0,
greedy,54,8,0,
greedy,54,9,0,
genetic,54,0,4,"1,12,46,61"
genetic,54,1,1,24
genetic,54,2,1,3
genetic,54,3,0,
genetic,54,4,0,
genetic,54,5,0,
genetic,54,6,0,
genetic,54,7,0,
genetic,54,8,0,
genetic,54,9,0,
random,55,0,4,"11,31,34,84"
random,55,1,0,
random,55,2,0,
random,55,3,0,
random,55,4,0,
random,55,5,0,
random,55,6,0,
random,55,7,0,
random,55,8,0,
random,55,9,0,
degree,55,0,4,"43,58,75,99"
degree,55,1,2,"11,40"
degree,55,2,1,82
degree,55,3,0,
degree,55,4,0,
degree,55,5,0,
degree,55,6,0,
degree,55,7,0,
degree,55,8,0,
degree,55,9,0,
betweenness,55,0,4,"42,58,69,98"
betweenness,55,1,0,
betweenness,55,2,0,
betweenness,55,3,0,
betweenness,55,4,0,
betweenness,55,5,0,
betweenness,55,6,0,
betweenness,55,7,0,
betweenness,55,8,0,
betweenness,55,9,0,
greedy,55,0,4,"15,30,31,65"
greedy,55,1,1,1
greedy,55,2,2,"40,70"
greedy,55,3,1,66
greedy,55,4,0,
greedy,55,5,0,
greedy,55,6,0,
greedy,55,7,0,
greedy,55,8,0,
greedy,55,9,0,
genetic,55,0,4,"28,57,71,84"
genetic,55,1,1,18
genetic,55,2,0,
genetic,55,3,0,
genetic,55,4,0,
genetic,55,5,0,
genetic,55,6,0,
genetic,55,7,0,
genetic,55,8,0,
genetic,55,9,0,
random,56,0,4,"9,25,27,68"
random,56,1,0,
random,56,2,0,
random,56,3,0,
random,56,4,0,
random,56,5,0,
random,56,6,0,
random,56,7,0,
random,56,8,0,
random,56,9,0,
degree,56,0,4,"11,57,62,66"
degree,56,1,0,
degree,56,2,0,
degree,56,3,0,
degree,56,4,0,
degree,56,5,0,
degree,56,6,0,
degree,56,7,0,
degree,56,8,0,
degree,56,9,0,
betweenness,56,0,4,"32,38,59,88"
betweenness,56,1,1,5
betweenness,56,2,0,
betweenness,56,3,0,
betweenness,56,4,0,
betweenness,56,5,0,
betweenness,56,6,0,
betweenness,56,7,0,
betweenness,56,8,0,
betweenness,56,9,0,
greedy,56,0,4,"41,52,92,95"
greedy,56,1,0,
greedy,56,2,0,
greedy,56,3,0,
greedy,56,4,0,
greedy,56,5,0,
greedy,56,6,0,
greedy,56,7,0,
greedy,56,8,0,
greedy,56,9,0,
genetic,56,0,4,"56,58,83,90"
genetic,56,1,0,
genetic,56,2,0,
genetic,56,3,0,
genetic,56,4,0,
genetic,56,5,0,
genetic,56,6,0,
genetic,56,7,0,
genetic,56,8,0,
genetic,56,9,0,
random,57,0,4,"3,53,63,87"
random,57,1,2,"27,81"
random,57,2,1,65
random,57,3,0,
random,57,4,0,
random,57,5,0,
random,57,6,0,
random,57,7,0,
random,57,8,0,
random,57,9,0,
degree,57,0,4,"10,16,33,53"
degree,57,1,0,
degree,57,2,0,
degree,57,3,0,
degree,57,4,0,
degree,57,5,0,
degree,57,6,0,
degree,57,7,0,
degree,57,8,0,
degree,57,9,0,
betweenness,57,0,4,"18,24,49,62"
betweenness,57,1,1,31
betweenness,57,2,0,
betweenness,57,3,0,
betweenness,57,4,0,
betweenness,57,5,0,
betweenness,57,6,0,
betweenness,57,7,0,
betweenness,57,8,0,
betweenness,57,9,0,
greedy,57,0,4,"33,54,58,72"
greedy,57,1,0,
greedy,57,2,0,
greedy,57,3,0,
greedy,57,4,0,
greedy,57,5,0,
greedy,57,6,0,
greedy,57,7,0,
greedy,57,8,0,
greedy,57,9,0,
genetic,57,0,4,"14,86,89,91"
genetic,57,1,1,3
genetic,57,2,0,
genetic,57,3,0,
genetic,57,4,0,
genetic,57,5,0,
genetic,57,6,0,
genetic,57,7,0,
genetic,57,8,0,
genetic,57,9,0,
random,58,0,4,"6,17,22,73"
random,58,1,0,
random,58,2,0,
random,58,3,0,
random,58,4,0,
random,58,5,0,
random,58,6,0,
random,58,7,0,
random,58,8,0,
random,58,9,0,
degree,58,0,4,"14,21,37,94"
degree,58,1,1,38
degree,58,2,0,
degree,58,3,0,
degree,58,4,0,
degree,58,5,0,
degree,58,6,0,
degree,58,7,0,
degree,58,8,0,
degree,58,9,0,
betweenness,58,0,4,"14,17,40,46"
betweenness,58,1,2,"2,47"
betweenness,58,2,0,
betweenness,58,3,0,
betweenness,58,4,0,
betweenness,58,5,0,
betweenness,58,6,0,
betweenness,58,7,0,
betweenness,58,8,0,
betweenness,58,9,0,
greedy,58,0,4,"6,11,76,95"
greedy,58,1,3,"0,25,52"
greedy,58,2,2,"10,58"
greedy,58,3,0,
greedy,58,4,0,
greedy,58,5,0,
greedy,58,6,0,
greedy,58,7,0,
greedy,58,8,0,
greedy,58,9,0,
genetic,58,0,4,"3,13,26,74"
genetic,58,1,1,60
genetic,58,2,0,
genetic,58,3,0,
genetic,58,4,0,
genetic,58,5,0,
genetic,58,6,0,
genetic,58,7,0,
genetic,58,8,0,
genetic,58,9,0,
random,59,0,4,"38,55,64,66"
random,59,1,0,
random,59,2,0,
random,59,3,0,
random,59,4,0,
random,59,5,0,
random,59,6,0,
random,59,7,0,
random,59,8,0,
random,59,9,0,
degree,59,0,4,"46,49,68,76"
degree,59,1,2,"7,17"
degree,59,2,0,
degree,59,3,0,
degree,59,4,0,
degree,59,5,0,
degree,59,6,0,
degree,59,7,0,
degree,59,8,0,
degree,59,9,0,
betweenness,59,0,4,"34,50,52,74"
betweenness,59,1,1,63
betweenness,59,2,0,
betweenness,59,3,0,
betweenness,59,4,0,
betweenness,59,5,0,
betweenness,59,6,0,
betweenness,59,7,0,
betweenness,59,8,0,
betweenness,59,9,0,
greedy,59,0,4,"57,83,92,95"
greedy,59,1,1,3
greedy,59,2,1,40
greedy,59,3,0,
greedy,59,4,0,
greedy,59,5,0,
greedy,59,6,0,
greedy,59,7,0,
greedy,59,8,0,
greedy,59,9,0,
genetic,59,0,4,"12,48,68,74"
genetic,59,1,1,8
genetic,59,2,0,
genetic,59,3,0,
genetic,59,4,0,
genetic,59,5,0,
genetic,59,6,0,
genetic,59,7,0,
genetic,59,8,0,
genetic,59,9,0,
random,60,0,4,"24,48,93,95"
random,60,1,0,
random,60,2,0,
random,60,3,0,
random,60,4,0,
random,60,5,0,
random,60,6,0,
random,60,7,0,
random,60,8,0,
random,60,9,0,
degree,60,0,4,"46,67,76,86"
degree,60,1,0,
degree,60,2,0,
degree,60,3,0,
degree,60,4,0,
degree,60,5,0,
degree,60,6,0,
degree,60,7,0,
degree,60,8,0,
degree,60,9,0,
betweenness,60,0,4,"7,10,17,90"
betweenness,60,1,2,"33,41"
betweenness,60,2,2,"50,53"
betweenness,60,3,0,
betweenness,60,4,0,
betweenness,60,5,0,
betweenness,60,6,0,
betweenness,60,7,0,
betweenness,60,8,0,
betweenness,60,9,0,
greedy,60,0,4,"28,56,82,87"
greedy,60,1,2,"23,66"
greedy,60,2,1,67
greedy,60,3,0,
greedy,60,4,0,
greedy,60,5,0,
greedy,60,6,0,
greedy,60,7,0,
greedy,60,8,0,
greedy,60,9,0,
genetic,60,0,4,"0,4,61,93"
genetic,60,1,3,"2,79,81"
genetic,60,2,0,
genetic,60,3,0,
genetic,60,4,0,
genetic,60,5,0,
genetic,60,6,0,
genetic,60,7,0,
genetic,60,8,0,
genetic,60,9,0,
random,61,0,4,"9,14,44,50"
random,61,1,2,"0,6"
random,61,2,2,"11,22"
random,61,3,0,
random,61,4,0,
random,61,5,0,
random,61,6,0,
random,61,7,0,
random,61,8,0,
random,61,9,0,
degree,61,0,4,"66,72,73,83"
degree,61,1,1,62
degree,61,2,0,
degree,61,3,0,
degree,61,4,0,
degree,61,5,0,
degree,61,6,0,
degree,61,7,0,
degree,61,8,0,
degree,61,9,0,
betweenness,61,0,4,"80,94,98,99"
betweenness,61,1,1,68
betweenness,61,2,0,
betweenness,61,3,0,
betweenness,61,4,0,
betweenness,61,5,0,
betweenness,61,6,0,
betweenness,61,7,0,
betweenness,61,8,0,
betweenness,61,9,0,
greedy,61,0,4,"39,43,64,85"
greedy,61,1,1,8
greedy,61,2,0,
greedy,61,3,0,
greedy,61,4,0,
greedy,61,5,0,
greedy,61,6,0,
greedy,61,7,0,
greedy,61,8,0,
greedy,61,9,0,
genetic,61,0,4,"4,14,42,87"
genetic,61,1,2,"13,61"
genetic,61,2,2,"37,70"
genetic,61,3,0,
genetic,61,4,0,
genetic,61,5,0,
genetic,61,6,0,
genetic,61,7,0,
genetic,61,8,0,
genetic,61,9,0,
random,62,0,4,"3,77,86,96"
random,62,1,0,
random,62,2,0,
random,62,3,0,
random,62,4,0,
random,62,5,0,
random,62,6,0,
random,62,7,0,
random,62,8,0,
random,62,9,0,
degree,62,0,4,"25,59,68,76"
degree,62,1,1,95
degree,62,2,1,97
degree,62,3,0,
degree,62,4,0,
degree,62,5,0,
degree,62,6,0,
degree,62,7,0,
degree,62,8,0,
degree,62,9,0,
betweenness,62,0,4,"44,51,67,76"
betweenness,62,1,0,
betweenness,62,2,0,
betweenness,62,3,0,
betweenness,62,4,0,
betweenness,62,5,0,
betweenness,62,6,0,
betweenness,62,7,0,
betweenness,62,8,0,
betweenness,62,9,0,
greedy,62,0,4,"0,38,87,88"
greedy,62,1,4,"4,6,19,22"
greedy,62,2,1,64
greedy,62,3,0,
greedy,62,4,0,
greedy,62,5,0,
greedy,62,6,0,
greedy,62,7,0,
greedy,62,8,0,
greedy,62,9,0,
genetic,62,0,4,"32,47,61,64"
genetic,62,1,1,6
genetic,62,2,0,
genetic,62,3,0,
genetic,62,4,0,
genetic,62,5,0,
genetic,62,6,0,
genetic,62,7,0,
genetic,62,8,0,
genetic,62,9,0,
random,63,0,4,"1,11,43,90"
random,63,1,1,15
random,63,2,0,
random,63,3,0,
random,63,4,0,
random,63,5,0,
random,63,6,0,
random,63,7,0,
random,63,8,0,
random,63,9,0,
degree,63,0,4,"36,56,68,70"
degree,63,1,0,
degree,63,2,0,
degree,63,3,0,
degree,63,4,0,
degree,63,5,0,
degree,63,6,0,
degree,63,7,0,
degree,63,8,0,
degree,63,9,0,
betweenness,63,0,4,"42,54,91,99"
betweenness,63,1,0,
betweenness,63,2,0,
betweenness,63,3,0,
betweenness,63,4,0,
betweenness,63,5,0,
betweenness,63,6,0,
betweenness,63,7,0,
betweenness,63,8,0,
betweenness,63,9,0,
greedy,63,0,4,"8,34,48,66"
greedy,63,1,2,"0,9"
greedy,63,2,5,"2,11,18,55,74"
greedy,63,3,3,"3,6,52"
greedy,63,4,1,54
greedy,63,5,0,
greedy,63,6,0,
greedy,63,7,0,
greedy,63,8,0,
greedy,63,9,0,
genetic,63,0,4,"69,75,80,98"
genetic,63,1,1,81
genetic,63,2,0,
genetic,63,3,0,
genetic,63,4,0,
genetic,63,5,0,
genetic,63,6,0,
genetic,63,7,0,
genetic,63,8,0,
genetic,63,9,0,
random,64,0,4,"18,38,43,97"
random,64,1,1,7
random,64,2,0,
random,64,3,0,
random,64,4,0,
random,64,5,0,
random,64,6,0,
random,64,7,0,
random,64,8,0,
random,64,9,0,
degree,64,0,4,"23,43,57,81"
degree,64,1,2,"7,8"
degree,64,2,2,"50,67"
degree,64,3,0,
degree,64,4,0,
degree,64,5,0,
degree,64,6,0,
degree,64,7,0,
degree,64,8,0,
degree,64,9,0,
betweenness,64,0,4,"36,55,64,98"
betweenness,64,1,2,"17,52"
betweenness,64,2,0,
betweenness,64,3,0,
betweenness,64,4,0,
betweenness,64,5,0,
betweenness,64,6,0,
betweenness,64,7,0,
betweenness,64,8,0,
betweenness,64,9,0,
greedy,64,0,4,"0,53,79,92"
greedy,64,1,1,5
greedy,64,2,2,"1,15"
greedy,64,3,1,13
greedy,64,4,1,17
greedy,64,5,0,
greedy,64,6,0,
greedy,64,7,0,
greedy,64,8,0,
greedy,64,9,0,
genetic,64,0,4,"65,67,72,84"
genetic,64,1,0,
genetic,64,2,0,
genetic,64,3,0,
genetic,64,4,0,
genetic,64,5,0,
genetic,64,6,0,
genetic,64,7,0,
genetic,64,8,0,
genetic,64,9,0,
random,65,0,4,"4,36,74,78"
random,65,1,1,13
random,65,2,0,
random,65,3,0,
random,65,4,0,
random,65,5,0,
random,65,6,0,
random,65,7,0,
random,65,8,0,
random,65,9,0,
degree,65,0,4,"29,54,65,68"
degree,65,1,0,
degree,65,2,0,
degree,65,3,0,
degree,65,4,0,
degree,65,5,0,
degree,65,6,0,
degree,65,7,0,
degree,65,8,0,
degree,65,9,0,
betweenness,65,0,4,"0,1,5,29"
betweenness,65,1,0,
betweenness,65,2,0,
betweenness,65,3,0,
betweenness,65,4,0,
betweenness,65,5,0,
betweenness,65,6,0,
betweenness,65,7,0,
betweenness,65,8,0,
betweenness,65,9,0,
greedy,65,0,4,"19,75,92,96"
greedy,65,1,2,"34,71"
greedy,65,2,0,
greedy,65,3,0,
greedy,65,4,0,
greedy,65,5,0,
greedy,65,6,0,
greedy,65,7,0,
greedy,65,8,0,
greedy,65,9,0,
genetic,65,0,4,"47,51,85,97"
genetic,65,1,1,13
genetic,65,2,0,
genetic,65,3,0,
genetic,65,4,0,
genetic,65,5,0,
genetic,65,6,0,
genetic,65,7,0,
genetic,65,8,0,
genetic,65,9,0,
random,66,0,4,"10,41,85,86"
random,66,1,1,16
random,66,2,0,
random,66,3,0,
random,66,4,0,
random,66,5,0,
random,66,6,0,
random,66,7,0,
random,66,8,0,
random,66,9,0,
degree,66,0,4,"16,46,53,67"
degree,66,1,1,45
degree,66,2,0,
degree,66,3,0,
degree,66,4,0,
degree,66,5,0,
degree,66,6,0,
degree,66,7,0,
degree,66,8,0,
degree,66,9,0,
betweenness,66,0,4,"16,53,78,96"
betweenness,66,1,1,47
betweenness,66,2,0,
betweenness,66,3,0,
betweenness,66,4,0,
betweenness,66,5,0,
betweenness,66,6,0,
betweenness,66,7,0,
betweenness,66,8,0,
betweenness,66,9,0,
greedy,66,0,4,"53,62,66,87"
greedy,66,1,0,
greedy,66,2,0,
greedy,66,3,0,
greedy,66,4,0,
greedy,66,5,0,
greedy,66,6,0,
greedy,66,7,0,
greedy,66,8,0,
greedy,66,9,0,
genetic,66,0,4,"21,27,33,51"
genetic,66,1,3,"2,3,35"
genetic,66,2,6,"18,39,52,56,65,84"
genetic,66,3,1,30
genetic,66,4,0,
genetic,66,5,0,
genetic,66,6,0,
genetic,66,7,0,
genetic,66,8,0,
genetic,66,9,0,
random,67,0,4,"17,21,50,84"
random,67,1,0,
random,67,2,0,
random,67,3,0,
random,67,4,0,
random,67,5,0,
random,67,6,0,
random,67,7,0,
random,67,8,0,
random,67,9,0,
degree,67,0,4,"26,75,85,93"
degree,67,1,1,21
degree,67,2,0,
degree,67,3,0,
degree,67,4,0,
degree,67,5,0,
degree,67,6,0,
degree,67,7,0,
degree,67,8,0,
degree,67,9,0,
betweenness,67,0,4,"8,28,81,83"
betweenness,67,1,0,
betweenness,67,2,0,
betweenness,67,3,0,
betweenness,67,4,0,
betweenness,67,5,0,
betweenness,67,6,0,
betweenness,67,7,0,
betweenness,67,8,0,
betweenness,67,9,0,
greedy,67,0,4,"7,24,73,76"
greedy,67,1,1,25
greedy,67,2,0,
greedy,67,3,0,
greedy,67,4,0,
greedy,67,5,0,
greedy,67,6,0,
greedy,67,7,0,
greedy,67,8,0,
greedy,67,9,0,
genetic,67,0,4,"16,67,73,94"
genetic,67,1,2,"60,63"
genetic,67,2,0,
genetic,67,3,0,
genetic,67,4,0,
genetic,67,5,0,
genetic,67,6,0,
genetic,67,7,0,
genetic,67,8,0,
genetic,67,9,0,
random,68,0,4,"29,43,78,86"
random,68,1,3,"3,30,37"
random,68,2,1,73
random,68,3,0,
random,68,4,0,
random,68,5,0,
random,68,6,0,
random,68,7,0,
random,68,8,0,
random,68,9,0,
degree,68,0,4,"39,43,78,82"
degree,68,1,2,"8,14"
degree,68,2,0,
degree,68,3,0,
degree,68,4,0,
degree,68,5,0,
degree,68,6,0,
degree,68,7,0,
degree,68,8,0,
degree,68,9,0,
betweenness,68,0,4,"43,67,94,99"
betweenness,68,1,1,5
betweenness,68,2,0,
betweenness,68,3,0,
betweenness,68,4,0,
betweenness,68,5,0,
betweenness,68,6,0,
betweenness,68,7,0,
betweenness,68,8,0,
betweenness,68,9,0,
greedy,68,0,4,"6,11,12,22"
greedy,68,1,0,
greedy,68,2,0,
greedy,68,3,0,
greedy,68,4,0,
greedy,68,5,0,
greedy,68,6,0,
greedy,68,7,0,
greedy,68,8,0,
greedy,68,9,0,
genetic,68,0,4,"57,67,92,94"
genetic,68,1,1,79
genetic,68,2,0,
genetic,68,3,0,
genetic,68,4,0,
genetic,68,5,0,
genetic,68,6,0,
genetic,68,7,0,
genetic,68,8,0,
genetic,68,9,0,
random,69,0,4,"52,83,92,98"
random,69,1,0,
random,69,2,0,
random,69,3,0,
random,69,4,0,
random,69,5,0,
random,69,6,0,
random,69,7,0,
random,69,8,0,
random,69,9,0,
degree,69,0,4,"20,28,53,56"
degree,69,1,1,23
degree,69,2,0,
degree,69,3,0,
degree,69,4,0,
degree,69,5,0,
degree,69,6,0,
degree,69,7,0,
degree,69,8,0,
degree,69,9,0,
betweenness,69,0,4,"10,18,36,43"
betweenness,69,1,0,
betweenness,69,2,0,
betweenness,69,3,0,
betweenness,69,4,0,
betweenness,69,5,0,
betweenness,69,6,0,
betweenness,69,7,0,
betweenness,69,8,0,
betweenness,69,9,0,
greedy,69,0,4,"0,51,92,99"
greedy,69,1,1,23
greedy,69,2,0,
greedy,69,3,0,
greedy,69,4,0,
greedy,69,5,0,
greedy,69,6,0,
greedy,69,7,0,
greedy,69,8,0,
greedy,69,9,0,
genetic,69,0,4,"7,70,86,98"
genetic,69,1,1,6
genetic,69,2,0,
genetic,69,3,0,
genetic,69,4,0,
genetic,69,5,0,
genetic,69,6,0,
genetic,69,7,0,
genetic,69,8,0,
genetic,69,9,0,
random,70,0,4,"6,20,50,93"
random,70,1,0,
random,70,2,0,
random,70,3,0,
random,70,4,0,
random,70,5,0,
random,70,6,0,
random,70,7,0,
random,70,8,0,
random,70,9,0,
degree,70,0,4,"9,29,66,70"
degree,70,1,0,
degree,70,2,0,
degree,70,3,0,
degree,70,4,0,
degree,70,5,0,
degree,70,6,0,
degree,70,7,0,
degree,70,8,0,
degree,70,9,0,
betweenness,70,0,4,"63,65,78,85"
betweenness,70,1,2,"36,50"
betweenness,70,2,0,
betweenness,70,3,0,
betweenness,70,4,0,
betweenness,70,5,0,
betweenness,70,6,0,
betweenness,70,7,0,
betweenness,70,8,0,
betweenness,70,9,0,
greedy,70,0,4,"0,33,42,90"
greedy,70,1,5,"5,14,37,47,74"
greedy,70,2,3,"3,22,31"
greedy,70,3,2,"4,50"
greedy,70,4,1,16
greedy,70,5,0,
greedy,70,6,0,
greedy,70,7,0,
greedy,70,8,0,
greedy,70,9,0,
genetic,70,0,4,"4,73,83,85"
genetic,70,1,0,
genetic,70,2,0,
genetic,70,3,0,
genetic,70,4,0,
genetic,70,5,0,
genetic,70,6,0,
genetic,70,7,0,
genetic,70,8,0,
genetic,70,9,0,
random,71,0,4,"14,20,31,87"
random,71,1,1,45
random,71,2,0,
random,71,3,0,
random,71,4,0,
random,71,5,0,
random,71,6,0,
random,71,7,0,
random,71,8,0,
random,71,9,0,
degree,71,0,4,"18,49,65,73"
degree,71,1,1,6
degree,71,2,0,
degree,71,3,0,
degree,71,4,0,
degree,71,5,0,
degree,71,6,0,
degree,71,7,0,
degree,71,8,0,
degree,71,9,0,
betweenness,71,0,4,"23,38,62,95"
betweenness,71,1,1,32
betweenness,71,2,0,
betweenness,71,3,0,
betweenness,71,4,0,
betweenness,71,5,0,
betweenness,71,6,0,
betweenness,71,7,0,
betweenness,71,8,0,
betweenness,71,9,0,
greedy,71,0,4,"14,63,73,95"
greedy,71,1,0,
greedy,71,2,0,
greedy,71,3,0,
greedy,71,4,0,
greedy,71,5,0,
greedy,71,6,0,
greedy,71,7,0,
greedy,71,8,0,
greedy,71,9,0,
genetic,71,0,4,"23,42,45,60"
genetic,71,1,1,86
genetic,71,2,0,
genetic,71,3,0,
genetic,71,4,0,
genetic,71,5,0,
genetic,71,6,0,
genetic,71,7,0,
genetic,71,8,0,
genetic,71,9,0,
random,72,0,4,"3,75,80,99"
random,72,1,1,15
random,72,2,1,22
random,72,3,0,
random,72,4,0,
random,72,5,0,
random,72,6,0,
random,72,7,0,
random,72,8,0,
random,72,9,0,
degree,72,0,4,"8,16,21,99"
degree,72,1,1,12
degree,72,2,0,
degree,72,3,0,
degree,72,4,0,
degree,72,5,0,
degree,72,6,0,
degree,72,7,0,
degree,72,8,0,
degree,72,9,0,
betweenness,72,0,4,"62,65,92,93"
betweenness,72,1,1,22
betweenness,72,2,0,
betweenness,72,3,0,
betweenness,72,4,0,
betweenness,72,5,0,
betweenness,72,6,0,
betweenness,72,7,0,
betweenness,72,8,0,
betweenness,72,9,0,
greedy,72,0,4,"0,61,64,67"
greedy,72,1,0,
greedy,72,2,0,
greedy,72,3,0,
greedy,72,4,0,
greedy,72,5,0,
greedy,72,6,0,
greedy,72,7,0,
greedy,72,8,0,
greedy,72,9,0,
genetic,72,0,4,"15,44,55,93"
genetic,72,1,2,"33,92"
genetic,72,2,2,"35,85"
genetic,72,3,0,
genetic,72,4,0,
genetic,72,5,0,
genetic,72,6,0,
genetic,72,7,0,
genetic,72,8,0,
genetic,72,9,0,
random,73,0,4,"9,29,31,39"
random,73,1,2,"17,92"
random,73,2,0,
random,73,3,0,
random,73,4,0,
random,73,5,0,
random,73,6,0,
random,73,7,0,
random,73,8,0,
random,73,9,0,
degree,73,0,4,"17,23,73,91"
degree,73,1,1,14
degree,73,2,0,
degree,73,3,0,
degree,73,4,0,
degree,73,5,0,
degree,73,6,0,
degree,73,7,0,
degree,73,8,0,
degree,73,9,0,
betweenness,73,0,4,"66,86,89,91"
betweenness,73,1,1,40
betweenness,73,2,1,29
betweenness,73,3,1,56
betweenness,73,4,1,12
betweenness,73,5,2,"35,79"
betweenness,73,6,0,
betweenness,73,7,0,
betweenness,73,8,0,
betweenness,73,9,0,
greedy,73,0,4,"1,29,40,78"
greedy,73,1,1,66
greedy,73,2,0,
greedy,73,3,0,
greedy,73,4,0,
greedy,73,5,0,
greedy,73,6,0,
greedy,73,7,0,
greedy,73,8,0,
greedy,73,9,0,
genetic,73,0,4,"19,54,78,81"
genetic,73,1,0,
genetic,73,2,0,
genetic,73,3,0,
genetic,73,4,0,
genetic,73,5,0,
genetic,73,6,0,
genetic,73,7,0,
genetic,73,8,0,
genetic,73,9,0,
random,74,0,4,"10,33,69,94"
random,74,1,1,72
random,74,2,0,
random,74,3,0,
random,74,4,0,
random,74,5,0,
random,74,6,0,
random,74,7,0,
random,74,8,0,
random,74,9,0,
degree,74,0,4,"33,37,50,61"
degree,74,1,0,
degree,74,2,0,
degree,74,3,0,
degree,74,4,0,
degree,74,5,0,
degree,74,6,0,
degree,74,7,0,
degree,74,8,0,
degree,74,9,0,
betweenness,74,0,4,"13,29,68,85"
betweenness,74,1,0,
betweenness,74,2,0,
betweenness,74,3,0,
betweenness,74,4,0,
betweenness,74,5,0,
betweenness,74,6,0,
betweenness,74,7,0,
betweenness,74,8,0,
betweenness,74,9,0,
greedy,74,0,4,"5,23,86,90"
greedy,74,1,1,8
greedy,74,2,0,
greedy,74,3,0,
greedy,74,4,0,
greedy,74,5,0,
greedy,74,6,0,
greedy,74,7,0,
greedy,74,8,0,
greedy,74,9,0,
genetic,74,0,4,"20,79,87,88"
genetic,74,1,0,
genetic,74,2,0,
genetic,74,3,0,
genetic,74,4,0,
genetic,74,5,0,
genetic,74,6,0,
genetic,74,7,0,
genetic,74,8,0,
genetic,74,9,0,
random,75,0,4,"7,35,56,74"
random,75,1,3,"1,6,16"
random,75,2,4,"4,13,34,60"
random,75,3,0,
random,75,4,0,
random,75,5,0,
random,75,6,0,
random,75,7,0,
random,75,8,0,
random,75,9,0,
degree,75,0,4,"11,14,21,91"
degree,75,1,1,24
degree,75,2,0,
degree,75,3,0,
degree,75,4,0,
degree,75,5,0,
degree,75,6,0,
degree,75,7,0,
degree,75,8,0,
degree,75,9,0,
betweenness,75,0,4,"40,74,78,91"
betweenness,75,1,1,28
betweenness,75,2,0,
betweenness,75,3,0,
betweenness,75,4,0,
betweenness,75,5,0,
betweenness,75,6,0,
betweenness,75,7,0,
betweenness,75,8,0,
betweenness,75,9,0,
greedy,75,0,4,"40,68,72,82"
greedy,75,1,1,0
greedy,75,2,4,"35,37,57,76"
greedy,75,3,0,
greedy,75,4,0,
greedy,75,5,0,
greedy,75,6,0,
greedy,75,7,0,
greedy,75,8,0,
greedy,75,9,0,
genetic,75,0,4,"30,44,68,72"
genetic,75,1,1,9
genetic,75,2,0,
genetic,75,3,0,
genetic,75,4,0,
genetic,75,5,0,
genetic,75,6,0,
genetic,75,7,0,
genetic,75,8,0,
genetic,75,9,0,
random,76,0,4,"26,31,37,48"
random,76,1,1,49
random,76,2,0,
random,76,3,0,
random,76,4,0,
random,76,5,0,
random,76,6,0,
random,76,7,0,
random,76,8,0,
random,76,9,0,
degree,76,0,4,"19,43,50,54"
degree,76,1,1,1
degree,76,2,1,14
degree,76,3,0,
degree,76,4,0,
degree,76,5,0,
degree,76,6,0,
degree,76,7,0,
degree,76,8,0,
degree,76,9,0,
betweenness,76,0,4,"12,53,66,82"
betweenness,76,1,1,69
betweenness,76,2,0,
betweenness,76,3,0,
betweenness,76,4,0,
betweenness,76,5,0,
betweenness,76,6,0,
betweenness,76,7,0,
betweenness,76,8,0,
betweenness,76,9,0,
greedy,76,0,4,"4,26,75,78"
greedy,76,1,0,
greedy,76,2,0,
greedy,76,3,0,
greedy,76,4,0,
greedy,76,5,0,
greedy,76,6,0,
greedy,76,7,0,
greedy,76,8,0,
greedy,76,9,0,
genetic,76,0,4,"14,60,76,93"
genetic,76,1,1,53
genetic,76,2,0,
genetic,76,3,0,
genetic,76,4,0,
genetic,76,5,0,
genetic,76,6,0,
genetic,76,7,0,
genetic,76,8,0,
genetic,76,9,0,
random,77,0,4,"23,44,67,85"
random,77,1,1,37
random,77,2,0,
random,77,3,0,
random,77,4,0,
random,77,5,0,
random,77,6,0,
random,77,7,0,
random,77,8,0,
random,77,9,0,
degree,77,0,4,"10,18,50,65"
degree,77,1,1,19
degree,77,2,0,
degree,77,3,0,
degree,77,4,0,
degree,77,5,0,
degree,77,6,0,
degree,77,7,0,
degree,77,8,0,
degree,77,9,0,
betweenness,77,0,4,"21,36,40,62"
betweenness,77,1,2,"22,47"
betweenness,77,2,0,
betweenness,77,3,0,
betweenness,77,4,0,
betweenness,77,5,0,
betweenness,77,6,0,
betweenness,77,7,0,
betweenness,77,8,0,
betweenness,77,9,0,
greedy,77,0,4,"15,38,66,99"
greedy,77,1,1,39
greedy,77,2,0,
greedy,77,3,0,
greedy,77,4,0,
greedy,77,5,0,
greedy,77,6,0,
greedy,77,7,0,
greedy,77,8,0,
greedy,77,9,0,
genetic,77,0,4,"8,30,40,85"
genetic,77,1,1,4
genetic,77,2,0,
genetic,77,3,0,
genetic,77,4,0,
genetic,77,5,0,
genetic,77,6,0,
genetic,77,7,0,
genetic,77,8,0,
genetic,77,9,0,
random,78,0,4,"6,22,54,73"
random,78,1,2,"34,62"
random,78,2,0,
random,78,3,0,
random,78,4,0,
random,78,5,0,
random,78,6,0,
random,78,7,0,
random,78,8,0,
random,78,9,0,
degree,78,0,4,"44,48,73,92"
degree,78,1,0,
degree,78,2,0,
degree,78,3,0,
degree,78,4,0,
degree,78,5,0,
degree,78,6,0,
degree,78,7,0,
degree,78,8,0,
degree,78,9,0,
betweenness,78,0,4,"48,52,69,99"
betweenness,78,1,1,37
betweenness,78,2,0,
betweenness,78,3,0,
betweenness,78,4,0,
betweenness,78,5,0,
betweenness,78,6,0,
betweenness,78,7,0,
betweenness,78,8,0,
betweenness,78,9,0,
greedy,78,0,4,"76,80,90,97"
greedy,78,1,0,
greedy,78,2,0,
greedy,78,3,0,
greedy,78,4,0,
greedy,78,5,0,
greedy,78,6,0,
greedy,78,7,0,
greedy,78,8,0,
greedy,78,9,0,
genetic,78,0,4,"29,41,46,50"
genetic,78,1,5,"5,22,53,88,96"
genetic,78,2,1,37
genetic,78,3,0,
genetic,78,4,0,
genetic,78,5,0,
genetic,78,6,0,
genetic,78,7,0,
genetic,78,8,0,
genetic,78,9,0,
random,79,0,4,"31,32,78,93"
random,79,1,0,
random,79,2,0,
random,79,3,0,
random,79,4,0,
random,79,5,0,
random,79,6,0,
random,79,7,0,
random,79,8,0,
random,79,9,0,
degree,79,0,4,"17,52,57,66"
degree,79,1,0,
degree,79,2,0,
degree,79,3,0,
degree,79,4,0,
degree,79,5,0,
degree,79,6,0,
degree,79,7,0,
degree,79,8,0,
degree,79,9,0,
betweenness,79,0,4,"80,88,94,99"
betweenness,79,1,0,
betweenness,79,2,0,
betweenness,79,3,0,
betweenness,79,4,0,
betweenness,79,5,0,
betweenness,79,6,0,
betweenness,79,7,0,
betweenness,79,8,0,
betweenness,79,9,0,
greedy,79,0,4,"18,28,54,95"
greedy,79,1,1,7
greedy,79,2,2,"20,23"
greedy,79,3,0,
greedy,79,4,0,
greedy,79,5,0,
greedy,79,6,0,
greedy,79,7,0,
greedy,79,8,0,
greedy,79,9,0,
genetic,79,0,4,"13,20,24,86"
genetic,79,1,0,
genetic,79,2,0,
genetic,79,3,0,
genetic,79,4,0,
genetic,79,5,0,
genetic,79,6,0,
genetic,79,7,0,
genetic,79,8,0,
genetic,79,9,0,
random,80,0,4,"5,8,55,76"
random,80,1,0,
random,80,2,0,
random,80,3,0,
random,80,4,0,
random,80,5,0,
random,80,6,0,
random,80,7,0,
random,80,8,0,
random,80,9,0,
degree,80,0,4,"11,31,71,92"
degree,80,1,1,7
degree,80,2,1,78
degree,80,3,1,93
degree,80,4,0,
degree,80,5,0,
degree,80,6,0,
degree,80,7,0,
degree,80,8,0,
degree,80,9,0,
betweenness,80,0,4,"35,76,83,93"
betweenness,80,1,0,
betweenness,80,2,0,
betweenness,80,3,0,
betweenness,80,4,0,
betweenness,80,5,0,
betweenness,80,6,0,
betweenness,80,7,0,
betweenness,80,8,0,
betweenness,80,9,0,
greedy,80,0,4,"1,6,9,62"
greedy,80,1,5,"0,13,63,67,97"
greedy,80,2,3,"41,46,64"
greedy,80,3,0,
greedy,80,4,0,
greedy,80,5,0,
greedy,80,6,0,
greedy,80,7,0,
greedy,80,8,0,
greedy,80,9,0,
genetic,80,0,4,"12,57,81,85"
genetic,80,1,3,"6,27,33"
genetic,80,2,3,"23,24,59"
genetic,80,3,0,
genetic,80,4,0,
genetic,80,5,0,
genetic,80,6,0,
genetic,80,7,0,
genetic,80,8,0,
genetic,80,9,0,
random,81,0,4,"62,63,64,82"
random,81,1,0,
random,81,2,0,
random,81,3,0,
random,81,4,0,
random,81,5,0,
random,81,6,0,
random,81,7,0,
random,81,8,0,
random,81,9,0,
degree,81,0,4,"3,68,92,95"
degree,81,1,1,52
degree,81,2,0,
degree,81,3,0,
degree,81,4,0,
degree,81,5,0,
degree,81,6,0,
degree,81,7,0,
degree,81,8,0,
degree,81,9,0,
betweenness,81,0,4,"15,47,54,60"
betweenness,81,1,0,
betweenness,81,2,0,
betweenness,81,3,0,
betweenness,81,4,0,
betweenness,81,5,0,
betweenness,81,6,0,
betweenness,81,7,0,
betweenness,81,8,0,
betweenness,81,9,0,
greedy,81,0,4,"17,53,57,88"
greedy,81,1,0,
greedy,81,2,0,
greedy,81,3,0,
greedy,81,4,0,
greedy,81,5,0,
greedy,81,6,0,
greedy,81,7,0,
greedy,81,8,0,
greedy,81,9,0,
genetic,81,0,4,"14,38,61,63"
genetic,81,1,1,30
genetic,81,2,1,22
genetic,81,3,0,
genetic,81,4,0,
genetic,81,5,0,
genetic,81,6,0,
genetic,81,7,0,
genetic,81,8,0,
genetic,81,9,0,
random,82,0,4,"0,42,43,80"
random,82,1,0,
random,82,2,0,
random,82,3,0,
random,82,4,0,
random,82,5,0,
random,82,6,0,
random,82,7,0,
random,82,8,0,
random,82,9,0,
degree,82,0,4,"16,32,37,40"
degree,82,1,2,"55,94"
degree,82,2,0,
degree,82,3,0,
degree,82,4,0,
degree,82,5,0,
degree,82,6,0,
degree,82,7,0,
degree,82,8,0,
degree,82,9,0,
betweenness,82,0,4,"34,38,41,87"
betweenness,82,1,0,
betweenness,82,2,0,
betweenness,82,3,0,
betweenness,82,4,0,
betweenness,82,5,0,
betweenness,82,6,0,
betweenness,82,7,0,
betweenness,82,8,0,
betweenness,82,9,0,
greedy,82,0,4,"2,17,76,97"
greedy,82,1,1,3
greedy,82,2,4,"7,70,91,96"
greedy,82,3,1,54
greedy,82,4,0,
greedy,82,5,0,
greedy,82,6,0,
greedy,82,7,0,
greedy,82,8,0,
greedy,82,9,0,
genetic,82,0,4,"7,11,46,87"
genetic,82,1,1,36
genetic,82,2,0,
genetic,82,3,0,
genetic,82,4,0,
genetic,82,5,0,
genetic,82,6,0,
genetic,82,7,0,
genetic,82,8,0,
genetic,82,9,0,
random,83,0,4,"51,59,67,70"
random,83,1,1,4
random,83,2,3,"20,29,41"
random,83,3,0,
random,83,4,0,
random,83,5,0,
random,83,6,0,
random,83,7,0,
random,83,8,0,
random,83,9,0,
degree,83,0,4,"22,61,69,71"
degree,83,1,1,10
degree,83,2,0,
degree,83,3,0,
degree,83,4,0,
degree,83,5,0,
degree,83,6,0,
degree,83,7,0,
degree,83,8,0,
degree,83,9,0,
betweenness,83,0,4,"7,28,34,83"
betweenness,83,1,1,94
betweenness,83,2,0,
betweenness,83,3,0,
betweenness,83,4,0,
betweenness,83,5,0,
betweenness,83,6,0,
betweenness,83,7,0,
betweenness,83,8,0,
betweenness,83,9,0,
greedy,83,0,4,"16,17,87,96"
greedy,83,1,2,"1,37"
greedy,83,2,1,58
greedy,83,3,0,
greedy,83,4,0,
greedy,83,5,0,
greedy,83,6,0,
greedy,83,7,0,
greedy,83,8,0,
greedy,83,9,0,
genetic,83,0,4,"20,41,53,82"
genetic,83,1,1,28
genetic,83,2,0,
genetic,83,3,0,
genetic,83,4,0,
genetic,83,5,0,
genetic,83,6,0,
genetic,83,7,0,
genetic,83,8,0,
genetic,83,9,0,
random,84,0,4,"34,45,87,96"
random,84,1,1,4
random,84,2,2,"12,44"
random,84,3,0,
random,84,4,0,
random,84,5,0,
random,84,6,0,
random,84,7,0,
random,84,8,0,
random,84,9,0,
degree,84,0,4,"17,49,64,70"
degree,84,1,3,"9,21,27"
degree,84,2,3,"19,30,98"
degree,84,3,1,3
degree,84,4,1,88
degree,84,5,0,
degree,84,6,0,
degree,84,7,0,
degree,84,8,0,
degree,84,9,0,
betweenness,84,0,4,"19,38,69,97"
betweenness,84,1,0,
betweenness,84,2,0,
betweenness,84,3,0,
betweenness,84,4,0,
betweenness,84,5,0,
betweenness,84,6,0,
betweenness,84,7,0,
betweenness,84,8,0,
betweenness,84,9,0,
greedy,84,0,4,"3,16,62,90"
greedy,84,1,3,"2,13,73"
greedy,84,2,4,"15,39,46,95"
greedy,84,3,0,
greedy,84,4,0,
greedy,84,5,0,
greedy,84,6,0,
greedy,84,7,0,
greedy,84,8,0,
greedy,84,9,0,
genetic,84,0,4,"8,23,88,94"
genetic,84,1,2,"10,64"
genetic,84,2,1,6
genetic,84,3,1,4
genetic,84,4,2,"24,81"
genetic,84,5,0,
genetic,84,6,0,
genetic,84,7,0,
genetic,84,8,0,
genetic,84,9,0,
random,85,0,4,"10,17,37,79"
random,85,1,2,"4,9"
random,85,2,6,"15,34,53,60,78,92"
random,85,3,0,
random,85,4,0,
random,85,5,0,
random,85,6,0,
random,85,7,0,
random,85,8,0,
random,85,9,0,
degree,85,0,4,"7,31,32,57"
degree,85,1,2,"13,53"
degree,85,2,1,92
degree,85,3,0,
degree,85,4,0,
degree,85,5,0,
degree,85,6,0,
degree,85,7,0,
degree,85,8,0,
degree,85,9,0,
betweenness,85,0,4,"44,50,54,69"
betweenness,85,1,0,
betweenness,85,2,0,
betweenness,85,3,0,
betweenness,85,4,0,
betweenness,85,5,0,
betweenness,85,6,0,
betweenness,85,7,0,
betweenness,85,8,0,
betweenness,85,9,0,
greedy,85,0,4,"1,12,14,80"
greedy,85,1,1,22
greedy,85,2,1,36
greedy,85,3,0,
greedy,85,4,0,
greedy,85,5,0,
greedy,85,6,0,
greedy,85,7,0,
greedy,85,8,0,
greedy,85,9,0,
genetic,85,0,4,"23,37,39,65"
genetic,85,1,2,"72,87"
genetic,85,2,0,
genetic,85,3,0,
genetic,85,4,0,
genetic,85,5,0,
genetic,85,6,0,
genetic,85,7,0,
genetic,85,8,0,
genetic,85,9,0,
random,86,0,4,"10,18,26,45"
random,86,1,0,
random,86,2,0,
random,86,3,0,
random,86,4,0,
random,86,5,0,
random,86,6,0,
random,86,7,0,
random,86,8,0,
random,86,9,0,
degree,86,0,4,"32,66,74,82"
degree,86,1,0,
degree,86,2,0,
degree,86,3,0,
degree,86,4,0,
degree,86,5,0,
degree,86,6,0,
degree,86,7,0,
degree,86,8,0,
degree,86,9,0,
betweenness,86,0,4,"16,27,63,83"
betweenness,86,1,1,99
betweenness,86,2,0,
betweenness,86,3,0,
betweenness,86,4,0,
betweenness,86,5,0,
betweenness,86,6,0,
betweenness,86,7,0,
betweenness,86,8,0,
betweenness,86,9,0,
greedy,86,0,4,"15,66,74,91"
greedy,86,1,1,14
greedy,86,2,0,
greedy,86,3,0,
greedy,86,4,0,
greedy,86,5,0,
greedy,86,6,0,
greedy,86,7,0,
greedy,86,8,0,
greedy,86,9,0,
genetic,86,0,4,"38,65,74,85"
genetic,86,1,0,
genetic,86,2,0,
genetic,86,3,0,
genetic,86,4,0,
genetic,86,5,0,
genetic,86,6,0,
genetic,86,7,0,
genetic,86,8,0,
genetic,86,9,0,
random,87,0,4,"15,37,44,68"
random,87,1,0,
random,87,2,0,
random,87,3,0,
random,87,4,0,
random,87,5,0,
random,87,6,0,
random,87,7,0,
random,87,8,0,
random,87,9,0,
degree,87,0,4,"14,55,75,89"
degree,87,1,2,"65,74"
degree,87,2,0,
degree,87,3,0,
degree,87,4,0,
degree,87,5,0,
degree,87,6,0,
degree,87,7,0,
degree,87,8,0,
degree,87,9,0,
betweenness,87,0,4,"31,42,64,69"
betweenness,87,1,3,"20,53,79"
betweenness,87,2,0,
betweenness,87,3,0,
betweenness,87,4,0,
betweenness,87,5,0,
betweenness,87,6,0,
betweenness,87,7,0,
betweenness,87,8,0,
betweenness,87,9,0,
greedy,87,0,4,"29,34,40,95"
greedy,87,1,1,2
greedy,87,2,2,"21,26"
greedy,87,3,0,
greedy,87,4,0,
greedy,87,5,0,
greedy,87,6,0,
greedy,87,7,0,
greedy,87,8,0,
greedy,87,9,0,
genetic,87,0,4,"14,25,87,98"
genetic,87,1,0,
genetic,87,2,0,
genetic,87,3,0,
genetic,87,4,0,
genetic,87,5,0,
genetic,87,6,0,
genetic,87,7,0,
genetic,87,8,0,
genetic,87,9,0,
random,88,0,4,"1,27,90,97"
random,88,1,1,12
random,88,2,0,
random,88,3,0,
random,88,4,0,
random,88,5,0,
random,88,6,0,
random,88,7,0,
random,88,8,0,
random,88,9,0,
degree,88,0,4,"24,48,68,83"
degree,88,1,1,27
degree,88,2,0,
degree,88,3,0,
degree,88,4,0,
degree,88,5,0,
degree,88,6,0,
degree,88,7,0,
degree,88,8,0,
degree,88,9,0,
betweenness,88,0,4,"5,55,72,92"
betweenness,88,1,0,
betweenness,88,2,0,
betweenness,88,3,0,
betweenness,88,4,0,
betweenness,88,5,0,
betweenness,88,6,0,
betweenness,88,7,0,
betweenness,88,8,0,
betweenness,88,9,0,
greedy,88,0,4,"27,36,45,68"
greedy,88,1,0,
greedy,88,2,0,
greedy,88,3,0,
greedy,88,4,0,
greedy,88,5,0,
greedy,88,6,0,
greedy,88,7,0,
greedy,88,8,0,
greedy,88,9,0,
genetic,88,0,4,"25,72,81,95"
genetic,88,1,0,
genetic,88,2,0,
genetic,88,3,0,
genetic,88,4,0,
genetic,88,5,0,
genetic,88,6,0,
genetic,88,7,0,
genetic,88,8,0,
genetic,88,9,0,
random,89,0,4,"33,75,78,95"
random,89,1,0,
random,89,2,0,
random,89,3,0,
random,89,4,0,
random,89,5,0,
random,89,6,0,
random,89,7,0,
random,89,8,0,
random,89,9,0,
degree,89,0,4,"22,30,43,80"
degree,89,1,0,
degree,89,2,0,
degree,89,3,0,
degree,89,4,0,
degree,89,5,0,
degree,89,6,0,
degree,89,7,0,
degree,89,8,0,
degree,89,9,0,
betweenness,89,0,4,"25,36,51,76"
betweenness,89,1,0,
betweenness,89,2,0,
betweenness,89,3,0,
betweenness,89,4,0,
betweenness,89,5,0,
betweenness,89,6,0,
betweenness,89,7,0,
betweenness,89,8,0,
betweenness,89,9,0,
greedy,89,0,4,"14,37,55,90"
greedy,89,1,1,17
greedy,89,2,0,
greedy,89,3,0,
greedy,89,4,0,
greedy,89,5,0,
greedy,89,6,0,
greedy,89,7,0,
greedy,89,8,0,
greedy,89,9,0,
genetic,89,0,4,"13,26,44,80"
genetic,89,1,1,38
genetic,89,2,0,
genetic,89,3,0,
genetic,89,4,0,
genetic,89,5,0,
genetic,89,6,0,
genetic,89,7,0,
genetic,89,8,0,
genetic,89,9,0,
random,90,0,4,"8,39,59,78"
random,90,1,1,13
random,90,2,0,
random,90,3,0,
random,90,4,0,
random,90,5,0,
random,90,6,0,
random,90,7,0,
random,90,8,0,
random,90,9,0,
degree,90,0,4,"40,42,70,87"
degree,90,1,0,
degree,90,2,0,
degree,90,3,0,
degree,90,4,0,
degree,90,5,0,
degree,90,6,0,
degree,90,7,0,
degree,90,8,0,
degree,90,9,0,
betweenness,90,0,4,"21,38,59,77"
betweenness,90,1,0,
betweenness,90,2,0,
betweenness,90,3,0,
betweenness,90,4,0,
betweenness,90,5,0,
betweenness,90,6,0,
betweenness,90,7,0,
betweenness,90,8,0,
betweenness,90,9,0,
greedy,90,0,4,"14,22,24,38"
greedy,90,1,2,"15,18"
greedy,90,2,0,
greedy,90,3,0,
greedy,90,4,0,
greedy,90,5,0,
greedy,90,6,0,
greedy,90,7,0,
greedy,90,8,0,
greedy,90,9,0,
genetic,90,0,4,"34,67,83,84"
genetic,90,1,2,"6,18"
genetic,90,2,3,"16,24,37"
genetic,90,3,0,
genetic,90,4,0,
genetic,90,5,0,
genetic,90,6,0,
genetic,90,7,0,
genetic,90,8,0,
genetic,90,9,0,
random,91,0,4,"19,32,36,54"
random,91,1,2,"26,37"
random,91,2,0,
random,91,3,0,
random,91,4,0,
random,91,5,0,
random,91,6,0,
random,91,7,0,
random,91,8,0,
random,91,9,0,
degree,91,0,4,"40,45,60,90"
degree,91,1,0,
degree,91,2,0,
degree,91,3,0,
degree,91,4,0,
degree,91,5,0,
degree,91,6,0,
degree,91,7,0,
degree,91,8,0,
degree,91,9,0,
betweenness,91,0,4,"13,26,47,89"
betweenness,91,1,1,15
betweenness,91,2,2,"17,53"
betweenness,91,3,0,
betweenness,91,4,0,
betweenness,91,5,0,
betweenness,91,6,0,
betweenness,91,7,0,
betweenness,91,8,0,
betweenness,91,9,0,
greedy,91,0,4,"10,49,63,99"
greedy,91,1,1,15
greedy,91,2,0,
greedy,91,3,0,
greedy,91,4,0,
greedy,91,5,0,
greedy,91,6,0,
greedy,91,7,0,
greedy,91,8,0,
greedy,91,9,0,
genetic,91,0,4,"35,45,67,99"
genetic,91,1,1,32
genetic,91,2,0,
genetic,91,3,0,
genetic,91,4,0,
genetic,91,5,0,
genetic,91,6,0,
genetic,91,7,0,
genetic,91,8,0,
genetic,91,9,0,
random,92,0,4,"15,19,78,88"
random,92,1,2,"16,24"
random,92,2,1,52
random,92,3,0,
random,92,4,0,
random,92,5,0,
random,92,6,0,
random,92,7,0,
random,92,8,0,
random,92,9,0,
degree,92,0,4,"30,40,59,76"
degree,92,1,2,"6,22"
degree,92,2,0,
degree,92,3,0,
degree,92,4,0,
degree,92,5,0,
degree,92,6,0,
degree,92,7,0,
degree,92,8,0,
degree,92,9,0,
betweenness,92,0,4,"4,45,53,94"
betweenness,92,1,0,
betweenness,92,2,0,
betweenness,92,3,0,
betweenness,92,4,0,
betweenness,92,5,0,
betweenness,92,6,0,
betweenness,92,7,0,
betweenness,92,8,0,
betweenness,92,9,0,
greedy,92,0,4,"13,51,87,99"
greedy,92,1,3,"31,85,97"
greedy,92,2,1,8
greedy,92,3,1,71
greedy,92,4,0,
greedy,92,5,0,
greedy,92,6,0,
greedy,92,7,0,
greedy,92,8,0,
greedy,92,9,0,
genetic,92,0,4,"32,34,62,92"
genetic,92,1,0,
genetic,92,2,0,
genetic,92,3,0,
genetic,92,4,0,
genetic,92,5,0,
genetic,92,6,0,
genetic,92,7,0,
genetic,92,8,0,
genetic,92,9,0,
random,93,0,4,"22,53,75,84"
random,93,1,2,"3,26"
random,93,2,1,61
random,93,3,0,
random,93,4,0,
random,93,5,0,
random,93,6,0,
random,93,7,0,
random,93,8,0,
random,93,9,0,
degree,93,0,4,"37,53,77,93"
degree,93,1,0,
degree,93,2,0,
degree,93,3,0,
degree,93,4,0,
degree,93,5,0,
degree,93,6,0,
degree,93,7,0,
degree,93,8,0,
degree,93,9,0,
betweenness,93,0,4,"17,35,51,78"
betweenness,93,1,0,
betweenness,93,2,0,
betweenness,93,3,0,
betweenness,93,4,0,
betweenness,93,5,0,
betweenness,93,6,0,
betweenness,93,7,0,
betweenness,93,8,0,
betweenness,93,9,0,
greedy,93,0,4,"12,14,30,78"
greedy,93,1,0,
greedy,93,2,0,
greedy,93,3,0,
greedy,93,4,0,
greedy,93,5,0,
greedy,93,6,0,
greedy,93,7,0,
greedy,93,8,0,
greedy,93,9,0,
genetic,93,0,4,"7,15,33,81"
genetic,93,1,3,"32,65,74"
genetic,93,2,0,
genetic,93,3,0,
genetic,93,4,0,
genetic,93,5,0,
genetic,93,6,0,
genetic,93,7,0,
genetic,93,8,0,
genetic,93,9,0,
random,94,0,4,"19,38,75,77"
random,94,1,2,"46,56"
random,94,2,1,3
random,94,3,1,2
random,94,4,2,"0,4"
random,94,5,0,
random,94,6,0,
random,94,7,0,
random,94,8,0,
random,94,9,0,
degree,94,0,4,"16,41,59,69"
degree,94,1,1,60
degree,94,2,0,
degree,94,3,0,
degree,94,4,0,
degree,94,5,0,
degree,94,6,0,
degree,94,7,0,
degree,94,8,0,
degree,94,9,0,
betweenness,94,0,4,"10,47,82,96"
betweenness,94,1,2,"20,53"
betweenness,94,2,0,
betweenness,94,3,0,
betweenness,94,4,0,
betweenness,94,5,0,
betweenness,94,6,0,
betweenness,94,7,0,
betweenness,94,8,0,
betweenness,94,9,0,
greedy,94,0,4,"35,55,62,81"
greedy,94,1,1,6
greedy,94,2,2,"9,46"
greedy,94,3,0,
greedy,94,4,0,
greedy,94,5,0,
greedy,94,6,0,
greedy,94,7,0,
greedy,94,8,0,
greedy,94,9,0,
genetic,94,0,4,"0,4,62,70"
genetic,94,1,1,14
genetic,94,2,0,
genetic,94,3,0,
genetic,94,4,0,
genetic,94,5,0,
genetic,94,6,0,
genetic,94,7,0,
genetic,94,8,0,
genetic,94,9,0,
random,95,0,4,"3,30,38,46"
random,95,1,2,"32,54"
random,95,2,3,"14,22,94"
random,95,3,2,"64,70"
random,95,4,0,
random,95,5,0,
random,95,6,0,
random,95,7,0,
random,95,8,0,
random,95,9,0,
degree,95,0,4,"41,46,48,67"
degree,95,1,1,32
degree,95,2,0,
degree,95,3,0,
degree,95,4,0,
degree,95,5,0,
degree,95,6,0,
degree,95,7,0,
degree,95,8,0,
degree,95,9,0,
betweenness,95,0,4,"13,26,34,45"
betweenness,95,1,1,58
betweenness,95,2,0,
betweenness,95,3,0,
betweenness,95,4,0,
betweenness,95,5,0,
betweenness,95,6,0,
betweenness,95,7,0,
betweenness,95,8,0,
betweenness,95,9,0,
greedy,95,0,4,"8,36,74,79"
greedy,95,1,0,
greedy,95,2,0,
greedy,95,3,0,
greedy,95,4,0,
greedy,95,5,0,
greedy,95,6,0,
greedy,95,7,0,
greedy,95,8,0,
greedy,95,9,0,
genetic,95,0,4,"11,63,94,99"
genetic,95,1,0,
genetic,95,2,0,
genetic,95,3,0,
genetic,95,4,0,
genetic,95,5,0,
genetic,95,6,0,
genetic,95,7,0,
genetic,95,8,0,
genetic,95,9,0,
random,96,0,4,"39,83,92,94"
random,96,1,1,41
random,96,2,1,4
random,96,3,0,
random,96,4,0,
random,96,5,0,
random,96,6,0,
random,96,7,0,
random,96,8,0,
random,96,9,0,
degree,96,0,4,"17,32,62,94"
degree,96,1,1,13
degree,96,2,1,82
degree,96,3,0,
degree,96,4,0,
degree,96,5,0,
degree,96,6,0,
degree,96,7,0,
degree,96,8,0,
degree,96,9,0,
betweenness,96,0,4,"23,43,44,55"
betweenness,96,1,1,0
betweenness,96,2,0,
betweenness,96,3,0,
betweenness,96,4,0,
betweenness,96,5,0,
betweenness,96,6,0,
betweenness,96,7,0,
betweenness,96,8,0,
betweenness,96,9,0,
greedy,96,0,4,"0,10,11,50"
greedy,96,1,1,9
greedy,96,2,1,16
greedy,96,3,1,59
greedy,96,4,0,
greedy,96,5,0,
greedy,96,6,0,
greedy,96,7,0,
greedy,96,8,0,
greedy,96,9,0,
genetic,96,0,4,"9,34,63,88"
genetic,96,1,0,
genetic,96,2,0,
genetic,96,3,0,
genetic,96,4,0,
genetic,96,5,0,
genetic,96,6,0,
genetic,96,7,0,
genetic,96,8,0,
genetic,96,9,0,
random,97,0,4,"73,82,84,91"
random,97,1,2,"0,3"
random,97,2,1,62
random,97,3,1,72
random,97,4,0,
random,97,5,0,
random,97,6,0,
random,97,7,0,
random,97,8,0,
random,97,9,0,
degree,97,0,4,"49,77,87,97"
degree,97,1,1,47
degree,97,2,0,
degree,97,3,0,
degree,97,4,0,
degree,97,5,0,
degree,97,6,0,
degree,97,7,0,
degree,97,8,0,
degree,97,9,0,
betweenness,97,0,4,"15,23,45,88"
betweenness,97,1,1,11
betweenness,97,2,1,29
betweenness,97,3,0,
betweenness,97,4,0,
betweenness,97,5,0,
betweenness,97,6,0,
betweenness,97,7,0,
betweenness,97,8,0,
betweenness,97,9,0,
greedy,97,0,4,"44,47,67,84"
greedy,97,1,1,87
greedy,97,2,0,
greedy,97,3,0,
greedy,97,4,0,
greedy,97,5,0,
greedy,97,6,0,
greedy,97,7,0,
greedy,97,8,0,
greedy,97,9,0,
genetic,97,0,4,"28,65,68,85"
genetic,97,1,1,20
genetic,97,2,0,
genetic,97,3,0,
genetic,97,4,0,
genetic,97,5,0,
genetic,97,6,0,
genetic,97,7,0,
genetic,97,8,0,
genetic,97,9,0,
random,98,0,4,"14,24,47,96"
random,98,1,4,"0,3,20,46"
random,98,2,5,"5,9,12,66,83"
random,98,3,0,
random,98,4,0,
random,98,5,0,
random,98,6,0,
random,98,7,0,
random,98,8,0,
random,98,9,0,
degree,98,0,4,"29,34,39,56"
degree,98,1,0,
degree,98,2,0,
degree,98,3,0,
degree,98,4,0,
degree,98,5,0,
degree,98,6,0,
degree,98,7,0,
degree,98,8,0,
degree,98,9,0,
betweenness,98,0,4,"49,74,77,86"
betweenness,98,1,1,57
betweenness,98,2,0,
betweenness,98,3,0,
betweenness,98,4,0,
betweenness,98,5,0,
betweenness,98,6,0,
betweenness,98,7,0,
betweenness,98,8,0,
betweenness,98,9,0,
greedy,98,0,4,"27,44,93,96"
greedy,98,1,1,59
greedy,98,2,0,
greedy,98,3,0,
greedy,98,4,0,
greedy,98,5,0,
greedy,98,6,0,
greedy,98,7,0,
greedy,98,8,0,
greedy,98,9,0,
genetic,98,0,4,"35,60,86,98"
genetic,98,1,1,7
genetic,98,2,1,2
genetic,98,3,1,54
genetic,98,4,0,
genetic,98,5,0,
genetic,98,6,0,
genetic,98,7,0,
genetic,98,8,0,
genetic,98,9,0,
random,99,0,4,"15,25,29,85"
random,99,1,1,70
random,99,2,0,
random,99,3,0,
random,99,4,0,
random,99,5,0,
random,99,6,0,
random,99,7,0,
random,99,8,0,
random,99,9,0,
degree,99,0,4,"59,64,74,89"
degree,99,1,0,
degree,99,2,0,
degree,99,3,0,
degree,99,4,0,
degree,99,5,0,
degree,99,6,0,
degree,99,7,0,
degree,99,8,0,
degree,99,9,0,
betweenness,99,0,4,"15,41,64,66"
betweenness,99,1,0,
betweenness,99,2,0,
betweenness,99,3,0,
betweenness,99,4,0,
betweenness,99,5,0,
betweenness,99,6,0,
betweenness,99,7,0,
betweenness,99,8,0,
betweenness,99,9,0,
greedy,99,0,4,"5,32,53,77"
greedy,99,1,2,"3,98"
greedy,99,2,4,"7,9,29,41"
greedy,99,3,2,"0,90"
greedy,99,4,1,54
greedy,99,5,0,
greedy,99,6,0,
greedy,99,7,0,
greedy,99,8,0,
greedy,99,9,0,
genetic,99,0,4,"11,52,64,79"
genetic,99,1,0,
genetic,99,2,0,
genetic,99,3,0,
genetic,99,4,0,
genetic,99,5,0,
genetic,99,6,0,
genetic,99,7,0,
genetic,99,8,0,
genetic,99,9,0,
